temp_ch_ipcc,gcm,period_scenario,experiment,median_mass_percent_rel_2020
-0.1435287736460142,ipsl-cm6a-lr,1901-1920_hist,ipsl-cm6a-lr_1901-1920_hist,113.64041353362009
-0.1319133257011855,ipsl-cm6a-lr,1851-1870_hist,ipsl-cm6a-lr_1851-1870_hist,109.036775568457
0.0833736138284337,mpi-esm1-2-hr,1851-1870_hist,mpi-esm1-2-hr_1851-1870_hist,100.83351214471693
0.1016562514146834,mpi-esm1-2-hr,1901-1920_hist,mpi-esm1-2-hr_1901-1920_hist,102.8557796516903
0.1909476951352631,mri-esm2-0,1851-1870_hist,mri-esm2-0_1851-1870_hist,99.02868654946342
0.2314087884401598,gfdl-esm4,1851-1870_hist,gfdl-esm4_1851-1870_hist,87.40061479721734
0.2374210262441569,ukesm1-0-ll,1951-1970_hist,ukesm1-0-ll_1951-1970_hist,92.90737884830857
0.2524779717488781,mri-esm2-0,1901-1920_hist,mri-esm2-0_1901-1920_hist,96.85969779100557
0.3028923844731737,ipsl-cm6a-lr,1951-1970_hist,ipsl-cm6a-lr_1951-1970_hist,87.255473747977
0.3530089022449858,mpi-esm1-2-hr,1951-1970_hist,mpi-esm1-2-hr_1951-1970_hist,96.6630417091687
0.3535286605061203,ukesm1-0-ll,1901-1920_hist,ukesm1-0-ll_1901-1920_hist,91.21658289003054
0.373094646035073,ukesm1-0-ll,1851-1870_hist,ukesm1-0-ll_1851-1870_hist,90.24120835861963
0.3826520320932922,mri-esm2-0,1951-1970_hist,mri-esm2-0_1951-1970_hist,84.73936001533808
0.3922811293371855,gfdl-esm4,1951-1970_hist,gfdl-esm4_1951-1970_hist,90.21515021648162
0.478288564324949,gfdl-esm4,1901-1920_hist,gfdl-esm4_1901-1920_hist,75.8825345937978
0.9014667339962784,gfdl-esm4,1995-2014_hist,gfdl-esm4_1995-2014_hist,67.34117573798756
0.9049395549636868,mpi-esm1-2-hr,1995-2014_hist,mpi-esm1-2-hr_1995-2014_hist,67.86131506572656
0.913313145803356,ipsl-cm6a-lr,1995-2014_hist,ipsl-cm6a-lr_1995-2014_hist,65.30278179492879
0.9222489478058092,mri-esm2-0,1995-2014_hist,mri-esm2-0_1995-2014_hist,68.06011770229364
1.0587674077643272,ukesm1-0-ll,1995-2014_hist,ukesm1-0-ll_1995-2014_hist,67.17503057645091
1.4691135287002737,mpi-esm1-2-hr,2021-2040_ssp126,mpi-esm1-2-hr_2021-2040_ssp126,56.405864833949224
1.4885639337566965,gfdl-esm4,2021-2040_ssp370,gfdl-esm4_2021-2040_ssp370,57.36982748877637
1.4937790687750323,mpi-esm1-2-hr,2021-2040_ssp370,mpi-esm1-2-hr_2021-2040_ssp370,55.40828871702898
1.493791625332881,gfdl-esm4,2021-2040_ssp126,gfdl-esm4_2021-2040_ssp126,51.44384359848317
1.5283027574212975,mpi-esm1-2-hr,2021-2040_ssp585,mpi-esm1-2-hr_2021-2040_ssp585,54.383243161226275
1.5298023875255358,gfdl-esm4,2021-2040_ssp585,gfdl-esm4_2021-2040_ssp585,52.46166715641897
1.636714986028974,ipsl-cm6a-lr,2021-2040_ssp126,ipsl-cm6a-lr_2021-2040_ssp126,39.28211057320206
1.656830649489223,mpi-esm1-2-hr,2041-2060_ssp126,mpi-esm1-2-hr_2041-2060_ssp126,53.516161077634536
1.6599956464695365,mpi-esm1-2-hr,2081-2100_ssp126,mpi-esm1-2-hr_2081-2100_ssp126,51.3803505159827
1.664909941388102,ipsl-cm6a-lr,2021-2040_ssp585,ipsl-cm6a-lr_2021-2040_ssp585,37.3543418076172
1.6781632715811343,ipsl-cm6a-lr,2021-2040_ssp370,ipsl-cm6a-lr_2021-2040_ssp370,41.4489559759009
1.6787497715238051,gfdl-esm4,2041-2060_ssp126,gfdl-esm4_2041-2060_ssp126,49.9215604984983
1.6844760802167618,gfdl-esm4,2081-2100_ssp126,gfdl-esm4_2081-2100_ssp126,45.027391488318585
1.695689895147091,mpi-esm1-2-hr,2061-2080_ssp126,mpi-esm1-2-hr_2061-2080_ssp126,49.675209254419926
1.7054887108734946,mri-esm2-0,2021-2040_ssp370,mri-esm2-0_2021-2040_ssp370,43.056023297375845
1.7263241376269964,mri-esm2-0,2021-2040_ssp126,mri-esm2-0_2021-2040_ssp126,38.75143485518431
1.7300556075408982,gfdl-esm4,2061-2080_ssp126,gfdl-esm4_2061-2080_ssp126,52.02741288464992
1.9117346788457827,mri-esm2-0,2021-2040_ssp585,mri-esm2-0_2021-2040_ssp585,41.95956406073678
1.9477879408841847,mri-esm2-0,2081-2100_ssp126,mri-esm2-0_2081-2100_ssp126,37.44080248604793
1.996245046811256,mri-esm2-0,2041-2060_ssp126,mri-esm2-0_2041-2060_ssp126,35.97996116426829
2.049075466844948,ipsl-cm6a-lr,2041-2060_ssp126,ipsl-cm6a-lr_2041-2060_ssp126,33.91324734187897
2.0496075314919837,gfdl-esm4,2041-2060_ssp370,gfdl-esm4_2041-2060_ssp370,41.44694356676966
2.0912659163195166,mri-esm2-0,2061-2080_ssp126,mri-esm2-0_2061-2080_ssp126,37.547551544527465
2.092677030991532,mpi-esm1-2-hr,2041-2060_ssp370,mpi-esm1-2-hr_2041-2060_ssp370,39.789216349852595
2.1396524250416253,mpi-esm1-2-hr,2041-2060_ssp585,mpi-esm1-2-hr_2041-2060_ssp585,41.25507140375947
2.1712205231308155,ipsl-cm6a-lr,2081-2100_ssp126,ipsl-cm6a-lr_2081-2100_ssp126,30.19140127633505
2.1761438977250376,ukesm1-0-ll,2021-2040_ssp126,ukesm1-0-ll_2021-2040_ssp126,35.921910750198954
2.189115489502097,gfdl-esm4,2041-2060_ssp585,gfdl-esm4_2041-2060_ssp585,37.40683089678778
2.191208340613269,ipsl-cm6a-lr,2061-2080_ssp126,ipsl-cm6a-lr_2061-2080_ssp126,31.259450183885058
2.3197325111266047,ukesm1-0-ll,2021-2040_ssp585,ukesm1-0-ll_2021-2040_ssp585,34.04321645464264
2.3233173057330725,ukesm1-0-ll,2021-2040_ssp370,ukesm1-0-ll_2021-2040_ssp370,36.18698895401605
2.404955505633247,mri-esm2-0,2041-2060_ssp370,mri-esm2-0_2041-2060_ssp370,26.54218928527898
2.5948271367994478,ipsl-cm6a-lr,2041-2060_ssp370,ipsl-cm6a-lr_2041-2060_ssp370,25.700204979558638
2.687006726396547,mri-esm2-0,2041-2060_ssp585,mri-esm2-0_2041-2060_ssp585,25.40846247237281
2.718961154542893,mpi-esm1-2-hr,2061-2080_ssp370,mpi-esm1-2-hr_2061-2080_ssp370,32.59244286396508
2.7398348752990143,ukesm1-0-ll,2041-2060_ssp126,ukesm1-0-ll_2041-2060_ssp126,24.925952913835015
2.8141615409733487,gfdl-esm4,2061-2080_ssp370,gfdl-esm4_2061-2080_ssp370,31.969884812379867
2.843937216517189,ipsl-cm6a-lr,2041-2060_ssp585,ipsl-cm6a-lr_2041-2060_ssp585,22.709106703859533
2.950346953824412,mpi-esm1-2-hr,2061-2080_ssp585,mpi-esm1-2-hr_2061-2080_ssp585,30.607306218017946
2.951472321285355,ukesm1-0-ll,2061-2080_ssp126,ukesm1-0-ll_2061-2080_ssp126,25.39311685270609
3.038482494458876,ukesm1-0-ll,2081-2100_ssp126,ukesm1-0-ll_2081-2100_ssp126,22.840163902664713
3.048039247761285,gfdl-esm4,2061-2080_ssp585,gfdl-esm4_2061-2080_ssp585,27.77184008398303
3.105613246951532,mri-esm2-0,2061-2080_ssp370,mri-esm2-0_2061-2080_ssp370,20.031730818616584
3.414119753355767,ukesm1-0-ll,2041-2060_ssp370,ukesm1-0-ll_2041-2060_ssp370,18.9738406832676
3.4545105505178424,mpi-esm1-2-hr,2081-2100_ssp370,mpi-esm1-2-hr_2081-2100_ssp370,28.38189433534832
3.5131147480935234,ipsl-cm6a-lr,2061-2080_ssp370,ipsl-cm6a-lr_2061-2080_ssp370,15.82792375435194
3.5323191142029637,gfdl-esm4,2081-2100_ssp370,gfdl-esm4_2081-2100_ssp370,27.522657140017195
3.541685753482952,mri-esm2-0,2061-2080_ssp585,mri-esm2-0_2061-2080_ssp585,18.347130564543967
3.646967337572662,ukesm1-0-ll,2041-2060_ssp585,ukesm1-0-ll_2041-2060_ssp585,16.54478154859077
3.811452139882864,mri-esm2-0,2081-2100_ssp370,mri-esm2-0_2081-2100_ssp370,16.76703640873304
3.9907986846486527,mpi-esm1-2-hr,2081-2100_ssp585,mpi-esm1-2-hr_2081-2100_ssp585,25.80161958398558
4.001455331400752,gfdl-esm4,2081-2100_ssp585,gfdl-esm4_2081-2100_ssp585,21.67222618323354
4.16009837781178,ipsl-cm6a-lr,2061-2080_ssp585,ipsl-cm6a-lr_2061-2080_ssp585,12.19947444387843
4.439976778002009,ukesm1-0-ll,2061-2080_ssp370,ukesm1-0-ll_2061-2080_ssp370,8.864730811331505
4.5943250252311145,mri-esm2-0,2081-2100_ssp585,mri-esm2-0_2081-2100_ssp585,12.287536728312965
4.677751174879019,ipsl-cm6a-lr,2081-2100_ssp370,ipsl-cm6a-lr_2081-2100_ssp370,10.868380820080306
5.23054329301376,ukesm1-0-ll,2061-2080_ssp585,ukesm1-0-ll_2061-2080_ssp585,7.133442554677994
5.840495049230714,ukesm1-0-ll,2081-2100_ssp370,ukesm1-0-ll_2081-2100_ssp370,4.997421304495138
5.849304978170279,ipsl-cm6a-lr,2081-2100_ssp585,ipsl-cm6a-lr_2081-2100_ssp585,6.900080490558905
6.884360785697311,ukesm1-0-ll,2081-2100_ssp585,ukesm1-0-ll_2081-2100_ssp585,4.1625727563829305
