temp_ch_ipcc,model_author,gcm,period_scenario,experiment,mass_percent_rel_2020
-0.1435287736460142,GLIMB,ipsl-cm6a-lr,1901-1920_hist,ipsl-cm6a-lr_1901-1920_hist,87.99424513836077
-0.1435287736460142,GloGEMflow,ipsl-cm6a-lr,1901-1920_hist,ipsl-cm6a-lr_1901-1920_hist,148.5771216162424
-0.1435287736460142,OGGM_v16,ipsl-cm6a-lr,1901-1920_hist,ipsl-cm6a-lr_1901-1920_hist,139.2865819288794
-0.1435287736460142,PyGEM-OGGM_v13,ipsl-cm6a-lr,1901-1920_hist,ipsl-cm6a-lr_1901-1920_hist,84.1945814620696
-0.1319133257011855,GLIMB,ipsl-cm6a-lr,1851-1870_hist,ipsl-cm6a-lr_1851-1870_hist,86.68089306289914
-0.1319133257011855,GloGEMflow,ipsl-cm6a-lr,1851-1870_hist,ipsl-cm6a-lr_1851-1870_hist,143.30530334809131
-0.1319133257011855,OGGM_v16,ipsl-cm6a-lr,1851-1870_hist,ipsl-cm6a-lr_1851-1870_hist,131.39265807401486
-0.1319133257011855,PyGEM-OGGM_v13,ipsl-cm6a-lr,1851-1870_hist,ipsl-cm6a-lr_1851-1870_hist,82.25451731840504
0.0833736138284337,GLIMB,mpi-esm1-2-hr,1851-1870_hist,mpi-esm1-2-hr_1851-1870_hist,90.13356623413407
0.0833736138284337,GloGEMflow,mpi-esm1-2-hr,1851-1870_hist,mpi-esm1-2-hr_1851-1870_hist,111.5334580552998
0.0833736138284337,OGGM_v16,mpi-esm1-2-hr,1851-1870_hist,mpi-esm1-2-hr_1851-1870_hist,119.81876482358996
0.0833736138284337,PyGEM-OGGM_v13,mpi-esm1-2-hr,1851-1870_hist,mpi-esm1-2-hr_1851-1870_hist,71.43577142683918
0.1016562514146834,GLIMB,mpi-esm1-2-hr,1901-1920_hist,mpi-esm1-2-hr_1901-1920_hist,88.6539909719752
0.1016562514146834,GloGEMflow,mpi-esm1-2-hr,1901-1920_hist,mpi-esm1-2-hr_1901-1920_hist,117.05756833140539
0.1016562514146834,OGGM_v16,mpi-esm1-2-hr,1901-1920_hist,mpi-esm1-2-hr_1901-1920_hist,133.3346503241081
0.1016562514146834,PyGEM-OGGM_v13,mpi-esm1-2-hr,1901-1920_hist,mpi-esm1-2-hr_1901-1920_hist,73.32362007758455
0.1909476951352631,GLIMB,mri-esm2-0,1851-1870_hist,mri-esm2-0_1851-1870_hist,86.13932554265239
0.1909476951352631,GloGEMflow,mri-esm2-0,1851-1870_hist,mri-esm2-0_1851-1870_hist,112.60987794226541
0.1909476951352631,OGGM_v16,mri-esm2-0,1851-1870_hist,mri-esm2-0_1851-1870_hist,111.91804755627444
0.1909476951352631,PyGEM-OGGM_v13,mri-esm2-0,1851-1870_hist,mri-esm2-0_1851-1870_hist,76.85560621362819
0.2314087884401598,GLIMB,gfdl-esm4,1851-1870_hist,gfdl-esm4_1851-1870_hist,82.05019660571266
0.2314087884401598,GloGEMflow,gfdl-esm4,1851-1870_hist,gfdl-esm4_1851-1870_hist,92.75103298872202
0.2314087884401598,OGGM_v16,gfdl-esm4,1851-1870_hist,gfdl-esm4_1851-1870_hist,105.50174982773717
0.2314087884401598,PyGEM-OGGM_v13,gfdl-esm4,1851-1870_hist,gfdl-esm4_1851-1870_hist,64.20231529126104
0.2374210262441569,GLIMB,ukesm1-0-ll,1951-1970_hist,ukesm1-0-ll_1951-1970_hist,92.30653404152065
0.2374210262441569,GloGEMflow,ukesm1-0-ll,1951-1970_hist,ukesm1-0-ll_1951-1970_hist,120.24804780802509
0.2374210262441569,OGGM_v16,ukesm1-0-ll,1951-1970_hist,ukesm1-0-ll_1951-1970_hist,93.50822365509649
0.2374210262441569,PyGEM-OGGM_v13,ukesm1-0-ll,1951-1970_hist,ukesm1-0-ll_1951-1970_hist,78.47009331071663
0.2524779717488781,GLIMB,mri-esm2-0,1901-1920_hist,mri-esm2-0_1901-1920_hist,82.86195004107431
0.2524779717488781,GloGEMflow,mri-esm2-0,1901-1920_hist,mri-esm2-0_1901-1920_hist,115.3168489205566
0.2524779717488781,OGGM_v16,mri-esm2-0,1901-1920_hist,mri-esm2-0_1901-1920_hist,110.85744554093682
0.2524779717488781,PyGEM-OGGM_v13,mri-esm2-0,1901-1920_hist,mri-esm2-0_1901-1920_hist,80.33300645005438
0.3028923844731737,GLIMB,ipsl-cm6a-lr,1951-1970_hist,ipsl-cm6a-lr_1951-1970_hist,75.24067860447822
0.3028923844731737,GloGEMflow,ipsl-cm6a-lr,1951-1970_hist,ipsl-cm6a-lr_1951-1970_hist,123.43168925799024
0.3028923844731737,OGGM_v16,ipsl-cm6a-lr,1951-1970_hist,ipsl-cm6a-lr_1951-1970_hist,99.2702688914758
0.3028923844731737,PyGEM-OGGM_v13,ipsl-cm6a-lr,1951-1970_hist,ipsl-cm6a-lr_1951-1970_hist,63.38618763999554
0.3530089022449858,GLIMB,mpi-esm1-2-hr,1951-1970_hist,mpi-esm1-2-hr_1951-1970_hist,82.70422037894315
0.3530089022449858,GloGEMflow,mpi-esm1-2-hr,1951-1970_hist,mpi-esm1-2-hr_1951-1970_hist,112.02594413712704
0.3530089022449858,OGGM_v16,mpi-esm1-2-hr,1951-1970_hist,mpi-esm1-2-hr_1951-1970_hist,110.62186303939424
0.3530089022449858,PyGEM-OGGM_v13,mpi-esm1-2-hr,1951-1970_hist,mpi-esm1-2-hr_1951-1970_hist,63.3285785534505
0.3535286605061203,GLIMB,ukesm1-0-ll,1901-1920_hist,ukesm1-0-ll_1901-1920_hist,86.71280519649407
0.3535286605061203,GloGEMflow,ukesm1-0-ll,1901-1920_hist,ukesm1-0-ll_1901-1920_hist,115.00484910353211
0.3535286605061203,OGGM_v16,ukesm1-0-ll,1901-1920_hist,ukesm1-0-ll_1901-1920_hist,95.72036058356701
0.3535286605061203,PyGEM-OGGM_v13,ukesm1-0-ll,1901-1920_hist,ukesm1-0-ll_1901-1920_hist,71.98153063780506
0.373094646035073,GLIMB,ukesm1-0-ll,1851-1870_hist,ukesm1-0-ll_1851-1870_hist,89.88638693923996
0.373094646035073,GloGEMflow,ukesm1-0-ll,1851-1870_hist,ukesm1-0-ll_1851-1870_hist,106.12102040613192
0.373094646035073,OGGM_v16,ukesm1-0-ll,1851-1870_hist,ukesm1-0-ll_1851-1870_hist,90.5960297779993
0.373094646035073,PyGEM-OGGM_v13,ukesm1-0-ll,1851-1870_hist,ukesm1-0-ll_1851-1870_hist,71.41831101564001
0.3826520320932922,GLIMB,mri-esm2-0,1951-1970_hist,mri-esm2-0_1951-1970_hist,78.98834096284887
0.3826520320932922,GloGEMflow,mri-esm2-0,1951-1970_hist,mri-esm2-0_1951-1970_hist,110.00696949771603
0.3826520320932922,OGGM_v16,mri-esm2-0,1951-1970_hist,mri-esm2-0_1951-1970_hist,90.49037906782729
0.3826520320932922,PyGEM-OGGM_v13,mri-esm2-0,1951-1970_hist,mri-esm2-0_1951-1970_hist,70.05622172731684
0.3922811293371855,GLIMB,gfdl-esm4,1951-1970_hist,gfdl-esm4_1951-1970_hist,77.23985222572139
0.3922811293371855,GloGEMflow,gfdl-esm4,1951-1970_hist,gfdl-esm4_1951-1970_hist,105.97655915941247
0.3922811293371855,OGGM_v16,gfdl-esm4,1951-1970_hist,gfdl-esm4_1951-1970_hist,103.19044820724184
0.3922811293371855,PyGEM-OGGM_v13,gfdl-esm4,1951-1970_hist,gfdl-esm4_1951-1970_hist,59.07941589775586
0.478288564324949,GLIMB,gfdl-esm4,1901-1920_hist,gfdl-esm4_1901-1920_hist,75.02602409209405
0.478288564324949,GloGEMflow,gfdl-esm4,1901-1920_hist,gfdl-esm4_1901-1920_hist,92.49603087955101
0.478288564324949,OGGM_v16,gfdl-esm4,1901-1920_hist,gfdl-esm4_1901-1920_hist,76.73904509550157
0.478288564324949,PyGEM-OGGM_v13,gfdl-esm4,1901-1920_hist,gfdl-esm4_1901-1920_hist,48.65717630867581
0.9014667339962784,GLIMB,gfdl-esm4,1995-2014_hist,gfdl-esm4_1995-2014_hist,67.66971276204507
0.9014667339962784,GloGEMflow,gfdl-esm4,1995-2014_hist,gfdl-esm4_1995-2014_hist,88.0936747355509
0.9014667339962784,OGGM_v16,gfdl-esm4,1995-2014_hist,gfdl-esm4_1995-2014_hist,67.01263871393006
0.9014667339962784,PyGEM-OGGM_v13,gfdl-esm4,1995-2014_hist,gfdl-esm4_1995-2014_hist,46.46695006017629
0.9049395549636868,GLIMB,mpi-esm1-2-hr,1995-2014_hist,mpi-esm1-2-hr_1995-2014_hist,67.10271466398565
0.9049395549636868,GloGEMflow,mpi-esm1-2-hr,1995-2014_hist,mpi-esm1-2-hr_1995-2014_hist,94.33142208806846
0.9049395549636868,OGGM_v16,mpi-esm1-2-hr,1995-2014_hist,mpi-esm1-2-hr_1995-2014_hist,68.61991546746745
0.9049395549636868,PyGEM-OGGM_v13,mpi-esm1-2-hr,1995-2014_hist,mpi-esm1-2-hr_1995-2014_hist,49.49687363710684
0.913313145803356,GLIMB,ipsl-cm6a-lr,1995-2014_hist,ipsl-cm6a-lr_1995-2014_hist,66.10207163906989
0.913313145803356,GloGEMflow,ipsl-cm6a-lr,1995-2014_hist,ipsl-cm6a-lr_1995-2014_hist,100.650440574623
0.913313145803356,OGGM_v16,ipsl-cm6a-lr,1995-2014_hist,ipsl-cm6a-lr_1995-2014_hist,64.5034919507877
0.913313145803356,PyGEM-OGGM_v13,ipsl-cm6a-lr,1995-2014_hist,ipsl-cm6a-lr_1995-2014_hist,50.03947476717403
0.9222489478058092,GLIMB,mri-esm2-0,1995-2014_hist,mri-esm2-0_1995-2014_hist,66.68240483028048
0.9222489478058092,GloGEMflow,mri-esm2-0,1995-2014_hist,mri-esm2-0_1995-2014_hist,86.85059998811228
0.9222489478058092,OGGM_v16,mri-esm2-0,1995-2014_hist,mri-esm2-0_1995-2014_hist,69.43783057430682
0.9222489478058092,PyGEM-OGGM_v13,mri-esm2-0,1995-2014_hist,mri-esm2-0_1995-2014_hist,52.63938867435107
1.0587674077643272,GLIMB,ukesm1-0-ll,1995-2014_hist,ukesm1-0-ll_1995-2014_hist,72.83575953810342
1.0587674077643272,GloGEMflow,ukesm1-0-ll,1995-2014_hist,ukesm1-0-ll_1995-2014_hist,86.90661812715217
1.0587674077643272,OGGM_v16,ukesm1-0-ll,1995-2014_hist,ukesm1-0-ll_1995-2014_hist,61.51430161479839
1.0587674077643272,PyGEM-OGGM_v13,ukesm1-0-ll,1995-2014_hist,ukesm1-0-ll_1995-2014_hist,52.289948687467735
1.4691135287002737,GLIMB,mpi-esm1-2-hr,2021-2040_ssp126,mpi-esm1-2-hr_2021-2040_ssp126,56.32245245859927
1.4691135287002737,GloGEMflow,mpi-esm1-2-hr,2021-2040_ssp126,mpi-esm1-2-hr_2021-2040_ssp126,88.03675602920853
1.4691135287002737,OGGM_v16,mpi-esm1-2-hr,2021-2040_ssp126,mpi-esm1-2-hr_2021-2040_ssp126,56.48927720929917
1.4691135287002737,PyGEM-OGGM_v13,mpi-esm1-2-hr,2021-2040_ssp126,mpi-esm1-2-hr_2021-2040_ssp126,36.6368042647856
1.4885639337566965,GLIMB,gfdl-esm4,2021-2040_ssp370,gfdl-esm4_2021-2040_ssp370,58.12394705224334
1.4885639337566965,GloGEMflow,gfdl-esm4,2021-2040_ssp370,gfdl-esm4_2021-2040_ssp370,85.90400058912422
1.4885639337566965,OGGM_v16,gfdl-esm4,2021-2040_ssp370,gfdl-esm4_2021-2040_ssp370,56.61570792530941
1.4885639337566965,PyGEM-OGGM_v13,gfdl-esm4,2021-2040_ssp370,gfdl-esm4_2021-2040_ssp370,36.326392909533936
1.4937790687750323,GLIMB,mpi-esm1-2-hr,2021-2040_ssp370,mpi-esm1-2-hr_2021-2040_ssp370,54.952386491251374
1.4937790687750323,GloGEMflow,mpi-esm1-2-hr,2021-2040_ssp370,mpi-esm1-2-hr_2021-2040_ssp370,86.38873263383083
1.4937790687750323,OGGM_v16,mpi-esm1-2-hr,2021-2040_ssp370,mpi-esm1-2-hr_2021-2040_ssp370,55.864190942806594
1.4937790687750323,PyGEM-OGGM_v13,mpi-esm1-2-hr,2021-2040_ssp370,mpi-esm1-2-hr_2021-2040_ssp370,37.997844801982076
1.493791625332881,GLIMB,gfdl-esm4,2021-2040_ssp126,gfdl-esm4_2021-2040_ssp126,53.518852322430334
1.493791625332881,GloGEMflow,gfdl-esm4,2021-2040_ssp126,gfdl-esm4_2021-2040_ssp126,75.3716040401582
1.493791625332881,OGGM_v16,gfdl-esm4,2021-2040_ssp126,gfdl-esm4_2021-2040_ssp126,49.36883487453601
1.493791625332881,PyGEM-OGGM_v13,gfdl-esm4,2021-2040_ssp126,gfdl-esm4_2021-2040_ssp126,31.147848991038625
1.5283027574212975,GLIMB,mpi-esm1-2-hr,2021-2040_ssp585,mpi-esm1-2-hr_2021-2040_ssp585,54.22506504269893
1.5283027574212975,GloGEMflow,mpi-esm1-2-hr,2021-2040_ssp585,mpi-esm1-2-hr_2021-2040_ssp585,86.0180360154507
1.5283027574212975,OGGM_v16,mpi-esm1-2-hr,2021-2040_ssp585,mpi-esm1-2-hr_2021-2040_ssp585,54.54142127975362
1.5283027574212975,PyGEM-OGGM_v13,mpi-esm1-2-hr,2021-2040_ssp585,mpi-esm1-2-hr_2021-2040_ssp585,35.624347065752566
1.5298023875255358,GLIMB,gfdl-esm4,2021-2040_ssp585,gfdl-esm4_2021-2040_ssp585,53.673264987166604
1.5298023875255358,GloGEMflow,gfdl-esm4,2021-2040_ssp585,gfdl-esm4_2021-2040_ssp585,83.62480213237075
1.5298023875255358,OGGM_v16,gfdl-esm4,2021-2040_ssp585,gfdl-esm4_2021-2040_ssp585,51.25006932567134
1.5298023875255358,PyGEM-OGGM_v13,gfdl-esm4,2021-2040_ssp585,gfdl-esm4_2021-2040_ssp585,32.482309364949465
1.636714986028974,GLIMB,ipsl-cm6a-lr,2021-2040_ssp126,ipsl-cm6a-lr_2021-2040_ssp126,42.98971320114171
1.636714986028974,GloGEMflow,ipsl-cm6a-lr,2021-2040_ssp126,ipsl-cm6a-lr_2021-2040_ssp126,67.76982605751152
1.636714986028974,OGGM_v16,ipsl-cm6a-lr,2021-2040_ssp126,ipsl-cm6a-lr_2021-2040_ssp126,35.57450794526242
1.636714986028974,PyGEM-OGGM_v13,ipsl-cm6a-lr,2021-2040_ssp126,ipsl-cm6a-lr_2021-2040_ssp126,26.345310656346392
1.656830649489223,GLIMB,mpi-esm1-2-hr,2041-2060_ssp126,mpi-esm1-2-hr_2041-2060_ssp126,50.59919395276874
1.656830649489223,GloGEMflow,mpi-esm1-2-hr,2041-2060_ssp126,mpi-esm1-2-hr_2041-2060_ssp126,80.56764063789899
1.656830649489223,OGGM_v16,mpi-esm1-2-hr,2041-2060_ssp126,mpi-esm1-2-hr_2041-2060_ssp126,56.43312820250032
1.656830649489223,PyGEM-OGGM_v13,mpi-esm1-2-hr,2041-2060_ssp126,mpi-esm1-2-hr_2041-2060_ssp126,32.68670778660777
1.6599956464695365,GLIMB,mpi-esm1-2-hr,2081-2100_ssp126,mpi-esm1-2-hr_2081-2100_ssp126,49.32944295793401
1.6599956464695365,GloGEMflow,mpi-esm1-2-hr,2081-2100_ssp126,mpi-esm1-2-hr_2081-2100_ssp126,71.04921616879042
1.6599956464695365,OGGM_v16,mpi-esm1-2-hr,2081-2100_ssp126,mpi-esm1-2-hr_2081-2100_ssp126,53.43125807403139
1.6599956464695365,PyGEM-OGGM_v13,mpi-esm1-2-hr,2081-2100_ssp126,mpi-esm1-2-hr_2081-2100_ssp126,30.968842660945512
1.664909941388102,GLIMB,ipsl-cm6a-lr,2021-2040_ssp585,ipsl-cm6a-lr_2021-2040_ssp585,43.48945078950455
1.664909941388102,GloGEMflow,ipsl-cm6a-lr,2021-2040_ssp585,ipsl-cm6a-lr_2021-2040_ssp585,62.62857390550769
1.664909941388102,OGGM_v16,ipsl-cm6a-lr,2021-2040_ssp585,ipsl-cm6a-lr_2021-2040_ssp585,31.219232825729858
1.664909941388102,PyGEM-OGGM_v13,ipsl-cm6a-lr,2021-2040_ssp585,ipsl-cm6a-lr_2021-2040_ssp585,26.205959135325244
1.6781632715811343,GLIMB,ipsl-cm6a-lr,2021-2040_ssp370,ipsl-cm6a-lr_2021-2040_ssp370,44.54400716768903
1.6781632715811343,GloGEMflow,ipsl-cm6a-lr,2021-2040_ssp370,ipsl-cm6a-lr_2021-2040_ssp370,69.37021011841131
1.6781632715811343,OGGM_v16,ipsl-cm6a-lr,2021-2040_ssp370,ipsl-cm6a-lr_2021-2040_ssp370,38.353904784112764
1.6781632715811343,PyGEM-OGGM_v13,ipsl-cm6a-lr,2021-2040_ssp370,ipsl-cm6a-lr_2021-2040_ssp370,27.236533656593057
1.6787497715238051,GLIMB,gfdl-esm4,2041-2060_ssp126,gfdl-esm4_2041-2060_ssp126,52.387656945039204
1.6787497715238051,GloGEMflow,gfdl-esm4,2041-2060_ssp126,gfdl-esm4_2041-2060_ssp126,76.34032971550734
1.6787497715238051,OGGM_v16,gfdl-esm4,2041-2060_ssp126,gfdl-esm4_2041-2060_ssp126,47.4554640519574
1.6787497715238051,PyGEM-OGGM_v13,gfdl-esm4,2041-2060_ssp126,gfdl-esm4_2041-2060_ssp126,31.755040784303816
1.6844760802167618,GLIMB,gfdl-esm4,2081-2100_ssp126,gfdl-esm4_2081-2100_ssp126,47.01130066357354
1.6844760802167618,GloGEMflow,gfdl-esm4,2081-2100_ssp126,gfdl-esm4_2081-2100_ssp126,73.78188212447775
1.6844760802167618,OGGM_v16,gfdl-esm4,2081-2100_ssp126,gfdl-esm4_2081-2100_ssp126,43.04348231306363
1.6844760802167618,PyGEM-OGGM_v13,gfdl-esm4,2081-2100_ssp126,gfdl-esm4_2081-2100_ssp126,29.562141461154635
1.695689895147091,GLIMB,mpi-esm1-2-hr,2061-2080_ssp126,mpi-esm1-2-hr_2061-2080_ssp126,47.883853431437714
1.695689895147091,GloGEMflow,mpi-esm1-2-hr,2061-2080_ssp126,mpi-esm1-2-hr_2061-2080_ssp126,76.21638337415477
1.695689895147091,OGGM_v16,mpi-esm1-2-hr,2061-2080_ssp126,mpi-esm1-2-hr_2061-2080_ssp126,51.46656507740214
1.695689895147091,PyGEM-OGGM_v13,mpi-esm1-2-hr,2061-2080_ssp126,mpi-esm1-2-hr_2061-2080_ssp126,31.824897449558296
1.7054887108734946,GLIMB,mri-esm2-0,2021-2040_ssp370,mri-esm2-0_2021-2040_ssp370,45.73273538240617
1.7054887108734946,GloGEMflow,mri-esm2-0,2021-2040_ssp370,mri-esm2-0_2021-2040_ssp370,72.01298982164089
1.7054887108734946,OGGM_v16,mri-esm2-0,2021-2040_ssp370,mri-esm2-0_2021-2040_ssp370,40.37931121234553
1.7054887108734946,PyGEM-OGGM_v13,mri-esm2-0,2021-2040_ssp370,mri-esm2-0_2021-2040_ssp370,28.8462362206192
1.7263241376269964,GLIMB,mri-esm2-0,2021-2040_ssp126,mri-esm2-0_2021-2040_ssp126,41.14696612549938
1.7263241376269964,GloGEMflow,mri-esm2-0,2021-2040_ssp126,mri-esm2-0_2021-2040_ssp126,59.24023437621667
1.7263241376269964,OGGM_v16,mri-esm2-0,2021-2040_ssp126,mri-esm2-0_2021-2040_ssp126,36.35590358486923
1.7263241376269964,PyGEM-OGGM_v13,mri-esm2-0,2021-2040_ssp126,mri-esm2-0_2021-2040_ssp126,25.452638864030344
1.7300556075408982,GLIMB,gfdl-esm4,2061-2080_ssp126,gfdl-esm4_2061-2080_ssp126,53.158408419461225
1.7300556075408982,GloGEMflow,gfdl-esm4,2061-2080_ssp126,gfdl-esm4_2061-2080_ssp126,78.03650744841285
1.7300556075408982,OGGM_v16,gfdl-esm4,2061-2080_ssp126,gfdl-esm4_2061-2080_ssp126,50.89641734983861
1.7300556075408982,PyGEM-OGGM_v13,gfdl-esm4,2061-2080_ssp126,gfdl-esm4_2061-2080_ssp126,30.510573840835637
1.9117346788457827,GLIMB,mri-esm2-0,2021-2040_ssp585,mri-esm2-0_2021-2040_ssp585,44.07892257907498
1.9117346788457827,GloGEMflow,mri-esm2-0,2021-2040_ssp585,mri-esm2-0_2021-2040_ssp585,65.99735102410132
1.9117346788457827,OGGM_v16,mri-esm2-0,2021-2040_ssp585,mri-esm2-0_2021-2040_ssp585,39.84020554239859
1.9117346788457827,PyGEM-OGGM_v13,mri-esm2-0,2021-2040_ssp585,mri-esm2-0_2021-2040_ssp585,23.81823638481188
1.9477879408841847,GLIMB,mri-esm2-0,2081-2100_ssp126,mri-esm2-0_2081-2100_ssp126,40.706089203464785
1.9477879408841847,GloGEMflow,mri-esm2-0,2081-2100_ssp126,mri-esm2-0_2081-2100_ssp126,55.86544335432461
1.9477879408841847,OGGM_v16,mri-esm2-0,2081-2100_ssp126,mri-esm2-0_2081-2100_ssp126,34.17551576863108
1.9477879408841847,PyGEM-OGGM_v13,mri-esm2-0,2081-2100_ssp126,mri-esm2-0_2081-2100_ssp126,24.18279227560343
1.996245046811256,GLIMB,mri-esm2-0,2041-2060_ssp126,mri-esm2-0_2041-2060_ssp126,39.1904036247735
1.996245046811256,GloGEMflow,mri-esm2-0,2041-2060_ssp126,mri-esm2-0_2041-2060_ssp126,53.99255899701125
1.996245046811256,OGGM_v16,mri-esm2-0,2041-2060_ssp126,mri-esm2-0_2041-2060_ssp126,32.76951870376307
1.996245046811256,PyGEM-OGGM_v13,mri-esm2-0,2041-2060_ssp126,mri-esm2-0_2041-2060_ssp126,22.706437190920923
2.049075466844948,GLIMB,ipsl-cm6a-lr,2041-2060_ssp126,ipsl-cm6a-lr_2041-2060_ssp126,37.00920559427175
2.049075466844948,GloGEMflow,ipsl-cm6a-lr,2041-2060_ssp126,ipsl-cm6a-lr_2041-2060_ssp126,61.456779569799686
2.049075466844948,OGGM_v16,ipsl-cm6a-lr,2041-2060_ssp126,ipsl-cm6a-lr_2041-2060_ssp126,30.8172890894862
2.049075466844948,PyGEM-OGGM_v13,ipsl-cm6a-lr,2041-2060_ssp126,ipsl-cm6a-lr_2041-2060_ssp126,21.660906968241886
2.0496075314919837,GLIMB,gfdl-esm4,2041-2060_ssp370,gfdl-esm4_2041-2060_ssp370,44.929075189345234
2.0496075314919837,GloGEMflow,gfdl-esm4,2041-2060_ssp370,gfdl-esm4_2041-2060_ssp370,61.601213146377624
2.0496075314919837,OGGM_v16,gfdl-esm4,2041-2060_ssp370,gfdl-esm4_2041-2060_ssp370,37.964811944194096
2.0496075314919837,PyGEM-OGGM_v13,gfdl-esm4,2041-2060_ssp370,gfdl-esm4_2041-2060_ssp370,25.3630037241751
2.0912659163195166,GLIMB,mri-esm2-0,2061-2080_ssp126,mri-esm2-0_2061-2080_ssp126,40.003661098260395
2.0912659163195166,GloGEMflow,mri-esm2-0,2061-2080_ssp126,mri-esm2-0_2061-2080_ssp126,55.74863958622211
2.0912659163195166,OGGM_v16,mri-esm2-0,2061-2080_ssp126,mri-esm2-0_2061-2080_ssp126,35.09144199079454
2.0912659163195166,PyGEM-OGGM_v13,mri-esm2-0,2061-2080_ssp126,mri-esm2-0_2061-2080_ssp126,23.13589459123097
2.092677030991532,GLIMB,mpi-esm1-2-hr,2041-2060_ssp370,mpi-esm1-2-hr_2041-2060_ssp370,40.75117604256101
2.092677030991532,GloGEMflow,mpi-esm1-2-hr,2041-2060_ssp370,mpi-esm1-2-hr_2041-2060_ssp370,62.054940163945034
2.092677030991532,OGGM_v16,mpi-esm1-2-hr,2041-2060_ssp370,mpi-esm1-2-hr_2041-2060_ssp370,38.82725665714417
2.092677030991532,PyGEM-OGGM_v13,mpi-esm1-2-hr,2041-2060_ssp370,mpi-esm1-2-hr_2041-2060_ssp370,24.71715336562457
2.1396524250416253,GLIMB,mpi-esm1-2-hr,2041-2060_ssp585,mpi-esm1-2-hr_2041-2060_ssp585,40.988596762200274
2.1396524250416253,GloGEMflow,mpi-esm1-2-hr,2041-2060_ssp585,mpi-esm1-2-hr_2041-2060_ssp585,65.43554421615625
2.1396524250416253,OGGM_v16,mpi-esm1-2-hr,2041-2060_ssp585,mpi-esm1-2-hr_2041-2060_ssp585,41.52154604531867
2.1396524250416253,PyGEM-OGGM_v13,mpi-esm1-2-hr,2041-2060_ssp585,mpi-esm1-2-hr_2041-2060_ssp585,26.21030095613832
2.1712205231308155,GLIMB,ipsl-cm6a-lr,2081-2100_ssp126,ipsl-cm6a-lr_2081-2100_ssp126,34.811893722677276
2.1712205231308155,GloGEMflow,ipsl-cm6a-lr,2081-2100_ssp126,ipsl-cm6a-lr_2081-2100_ssp126,52.58797817386433
2.1712205231308155,OGGM_v16,ipsl-cm6a-lr,2081-2100_ssp126,ipsl-cm6a-lr_2081-2100_ssp126,25.570908829992824
2.1712205231308155,PyGEM-OGGM_v13,ipsl-cm6a-lr,2081-2100_ssp126,ipsl-cm6a-lr_2081-2100_ssp126,17.379167449669673
2.1761438977250376,GLIMB,ukesm1-0-ll,2021-2040_ssp126,ukesm1-0-ll_2021-2040_ssp126,43.39555112348197
2.1761438977250376,GloGEMflow,ukesm1-0-ll,2021-2040_ssp126,ukesm1-0-ll_2021-2040_ssp126,52.52349420406318
2.1761438977250376,OGGM_v16,ukesm1-0-ll,2021-2040_ssp126,ukesm1-0-ll_2021-2040_ssp126,28.44827037691594
2.1761438977250376,PyGEM-OGGM_v13,ukesm1-0-ll,2021-2040_ssp126,ukesm1-0-ll_2021-2040_ssp126,23.75013730571422
2.189115489502097,GLIMB,gfdl-esm4,2041-2060_ssp585,gfdl-esm4_2041-2060_ssp585,39.36514457788738
2.189115489502097,GloGEMflow,gfdl-esm4,2041-2060_ssp585,gfdl-esm4_2041-2060_ssp585,60.54056626533286
2.189115489502097,OGGM_v16,gfdl-esm4,2041-2060_ssp585,gfdl-esm4_2041-2060_ssp585,35.44851721568819
2.189115489502097,PyGEM-OGGM_v13,gfdl-esm4,2041-2060_ssp585,gfdl-esm4_2041-2060_ssp585,21.540679912494088
2.191208340613269,GLIMB,ipsl-cm6a-lr,2061-2080_ssp126,ipsl-cm6a-lr_2061-2080_ssp126,34.753555908361164
2.191208340613269,GloGEMflow,ipsl-cm6a-lr,2061-2080_ssp126,ipsl-cm6a-lr_2061-2080_ssp126,56.12938176066756
2.191208340613269,OGGM_v16,ipsl-cm6a-lr,2061-2080_ssp126,ipsl-cm6a-lr_2061-2080_ssp126,27.765344459408954
2.191208340613269,PyGEM-OGGM_v13,ipsl-cm6a-lr,2061-2080_ssp126,ipsl-cm6a-lr_2061-2080_ssp126,18.883328007230674
2.3197325111266047,GLIMB,ukesm1-0-ll,2021-2040_ssp585,ukesm1-0-ll_2021-2040_ssp585,41.76897474442479
2.3197325111266047,GloGEMflow,ukesm1-0-ll,2021-2040_ssp585,ukesm1-0-ll_2021-2040_ssp585,51.76569089909484
2.3197325111266047,OGGM_v16,ukesm1-0-ll,2021-2040_ssp585,ukesm1-0-ll_2021-2040_ssp585,26.317458164860493
2.3197325111266047,PyGEM-OGGM_v13,ukesm1-0-ll,2021-2040_ssp585,ukesm1-0-ll_2021-2040_ssp585,23.497239121224432
2.3233173057330725,GLIMB,ukesm1-0-ll,2021-2040_ssp370,ukesm1-0-ll_2021-2040_ssp370,42.90701452734824
2.3233173057330725,GloGEMflow,ukesm1-0-ll,2021-2040_ssp370,ukesm1-0-ll_2021-2040_ssp370,62.666298798148766
2.3233173057330725,OGGM_v16,ukesm1-0-ll,2021-2040_ssp370,ukesm1-0-ll_2021-2040_ssp370,29.46696338068386
2.3233173057330725,PyGEM-OGGM_v13,ukesm1-0-ll,2021-2040_ssp370,ukesm1-0-ll_2021-2040_ssp370,24.13104614724596
2.404955505633247,GLIMB,mri-esm2-0,2041-2060_ssp370,mri-esm2-0_2041-2060_ssp370,30.029193015362083
2.404955505633247,GloGEMflow,mri-esm2-0,2041-2060_ssp370,mri-esm2-0_2041-2060_ssp370,52.07991555341806
2.404955505633247,OGGM_v16,mri-esm2-0,2041-2060_ssp370,mri-esm2-0_2041-2060_ssp370,23.055185555195873
2.404955505633247,PyGEM-OGGM_v13,mri-esm2-0,2041-2060_ssp370,mri-esm2-0_2041-2060_ssp370,15.25269265120202
2.5948271367994478,GLIMB,ipsl-cm6a-lr,2041-2060_ssp370,ipsl-cm6a-lr_2041-2060_ssp370,30.501581001520353
2.5948271367994478,GloGEMflow,ipsl-cm6a-lr,2041-2060_ssp370,ipsl-cm6a-lr_2041-2060_ssp370,46.92775195598407
2.5948271367994478,OGGM_v16,ipsl-cm6a-lr,2041-2060_ssp370,ipsl-cm6a-lr_2041-2060_ssp370,20.898828957596923
2.5948271367994478,PyGEM-OGGM_v13,ipsl-cm6a-lr,2041-2060_ssp370,ipsl-cm6a-lr_2041-2060_ssp370,13.929152457655508
2.687006726396547,GLIMB,mri-esm2-0,2041-2060_ssp585,mri-esm2-0_2041-2060_ssp585,27.888263538554668
2.687006726396547,GloGEMflow,mri-esm2-0,2041-2060_ssp585,mri-esm2-0_2041-2060_ssp585,51.7871461158988
2.687006726396547,OGGM_v16,mri-esm2-0,2041-2060_ssp585,mri-esm2-0_2041-2060_ssp585,22.928661406190958
2.687006726396547,PyGEM-OGGM_v13,mri-esm2-0,2041-2060_ssp585,mri-esm2-0_2041-2060_ssp585,12.159970158907905
2.718961154542893,GLIMB,mpi-esm1-2-hr,2061-2080_ssp370,mpi-esm1-2-hr_2061-2080_ssp370,33.224549692859135
2.718961154542893,GloGEMflow,mpi-esm1-2-hr,2061-2080_ssp370,mpi-esm1-2-hr_2061-2080_ssp370,56.558464825720854
2.718961154542893,OGGM_v16,mpi-esm1-2-hr,2061-2080_ssp370,mpi-esm1-2-hr_2061-2080_ssp370,31.96033603507103
2.718961154542893,PyGEM-OGGM_v13,mpi-esm1-2-hr,2061-2080_ssp370,mpi-esm1-2-hr_2061-2080_ssp370,19.645594455145577
2.7398348752990143,GLIMB,ukesm1-0-ll,2041-2060_ssp126,ukesm1-0-ll_2041-2060_ssp126,31.78449254428283
2.7398348752990143,GloGEMflow,ukesm1-0-ll,2041-2060_ssp126,ukesm1-0-ll_2041-2060_ssp126,40.61044432844094
2.7398348752990143,OGGM_v16,ukesm1-0-ll,2041-2060_ssp126,ukesm1-0-ll_2041-2060_ssp126,18.0674132833872
2.7398348752990143,PyGEM-OGGM_v13,ukesm1-0-ll,2041-2060_ssp126,ukesm1-0-ll_2041-2060_ssp126,15.731980773580798
2.8141615409733487,GLIMB,gfdl-esm4,2061-2080_ssp370,gfdl-esm4_2061-2080_ssp370,34.508918774647704
2.8141615409733487,GloGEMflow,gfdl-esm4,2061-2080_ssp370,gfdl-esm4_2061-2080_ssp370,49.77199695666861
2.8141615409733487,OGGM_v16,gfdl-esm4,2061-2080_ssp370,gfdl-esm4_2061-2080_ssp370,29.430850850112027
2.8141615409733487,PyGEM-OGGM_v13,gfdl-esm4,2061-2080_ssp370,gfdl-esm4_2061-2080_ssp370,17.071217306474487
2.843937216517189,GLIMB,ipsl-cm6a-lr,2041-2060_ssp585,ipsl-cm6a-lr_2041-2060_ssp585,27.64387263320047
2.843937216517189,GloGEMflow,ipsl-cm6a-lr,2041-2060_ssp585,ipsl-cm6a-lr_2041-2060_ssp585,41.01219156204367
2.843937216517189,OGGM_v16,ipsl-cm6a-lr,2041-2060_ssp585,ipsl-cm6a-lr_2041-2060_ssp585,17.774340774518592
2.843937216517189,PyGEM-OGGM_v13,ipsl-cm6a-lr,2041-2060_ssp585,ipsl-cm6a-lr_2041-2060_ssp585,11.636406671272107
2.950346953824412,GLIMB,mpi-esm1-2-hr,2061-2080_ssp585,mpi-esm1-2-hr_2061-2080_ssp585,30.753047774068996
2.950346953824412,GloGEMflow,mpi-esm1-2-hr,2061-2080_ssp585,mpi-esm1-2-hr_2061-2080_ssp585,55.23096777077882
2.950346953824412,OGGM_v16,mpi-esm1-2-hr,2061-2080_ssp585,mpi-esm1-2-hr_2061-2080_ssp585,30.4615646619669
2.950346953824412,PyGEM-OGGM_v13,mpi-esm1-2-hr,2061-2080_ssp585,mpi-esm1-2-hr_2061-2080_ssp585,18.732086022200352
2.951472321285355,GLIMB,ukesm1-0-ll,2061-2080_ssp126,ukesm1-0-ll_2061-2080_ssp126,33.004945926003636
2.951472321285355,GloGEMflow,ukesm1-0-ll,2061-2080_ssp126,ukesm1-0-ll_2061-2080_ssp126,39.71422209814413
2.951472321285355,OGGM_v16,ukesm1-0-ll,2061-2080_ssp126,ukesm1-0-ll_2061-2080_ssp126,17.781287779408544
2.951472321285355,PyGEM-OGGM_v13,ukesm1-0-ll,2061-2080_ssp126,ukesm1-0-ll_2061-2080_ssp126,15.785016517345797
3.038482494458876,GLIMB,ukesm1-0-ll,2081-2100_ssp126,ukesm1-0-ll_2081-2100_ssp126,28.77752382888495
3.038482494458876,GloGEMflow,ukesm1-0-ll,2081-2100_ssp126,ukesm1-0-ll_2081-2100_ssp126,36.53978297376935
3.038482494458876,OGGM_v16,ukesm1-0-ll,2081-2100_ssp126,ukesm1-0-ll_2081-2100_ssp126,16.90280397644448
3.038482494458876,PyGEM-OGGM_v13,ukesm1-0-ll,2081-2100_ssp126,ukesm1-0-ll_2081-2100_ssp126,13.110134647164747
3.048039247761285,GLIMB,gfdl-esm4,2061-2080_ssp585,gfdl-esm4_2061-2080_ssp585,31.430545229676543
3.048039247761285,GloGEMflow,gfdl-esm4,2061-2080_ssp585,gfdl-esm4_2061-2080_ssp585,47.833051825791806
3.048039247761285,OGGM_v16,gfdl-esm4,2061-2080_ssp585,gfdl-esm4_2061-2080_ssp585,24.11313493828952
3.048039247761285,PyGEM-OGGM_v13,gfdl-esm4,2061-2080_ssp585,gfdl-esm4_2061-2080_ssp585,14.062940096321416
3.105613246951532,GLIMB,mri-esm2-0,2061-2080_ssp370,mri-esm2-0_2061-2080_ssp370,23.741571564322356
3.105613246951532,GloGEMflow,mri-esm2-0,2061-2080_ssp370,mri-esm2-0_2061-2080_ssp370,33.39337123612477
3.105613246951532,OGGM_v16,mri-esm2-0,2061-2080_ssp370,mri-esm2-0_2061-2080_ssp370,16.32189007291081
3.105613246951532,PyGEM-OGGM_v13,mri-esm2-0,2061-2080_ssp370,mri-esm2-0_2061-2080_ssp370,8.73114462064149
3.414119753355767,GLIMB,ukesm1-0-ll,2041-2060_ssp370,ukesm1-0-ll_2041-2060_ssp370,24.36451881949302
3.414119753355767,GloGEMflow,ukesm1-0-ll,2041-2060_ssp370,ukesm1-0-ll_2041-2060_ssp370,30.797762951090235
3.414119753355767,OGGM_v16,ukesm1-0-ll,2041-2060_ssp370,ukesm1-0-ll_2041-2060_ssp370,13.583162547042178
3.414119753355767,PyGEM-OGGM_v13,ukesm1-0-ll,2041-2060_ssp370,ukesm1-0-ll_2041-2060_ssp370,7.9506559666321355
3.4545105505178424,GLIMB,mpi-esm1-2-hr,2081-2100_ssp370,mpi-esm1-2-hr_2081-2100_ssp370,27.69182564827902
3.4545105505178424,GloGEMflow,mpi-esm1-2-hr,2081-2100_ssp370,mpi-esm1-2-hr_2081-2100_ssp370,42.15799743674224
3.4545105505178424,OGGM_v16,mpi-esm1-2-hr,2081-2100_ssp370,mpi-esm1-2-hr_2081-2100_ssp370,29.071963022417616
3.4545105505178424,PyGEM-OGGM_v13,mpi-esm1-2-hr,2081-2100_ssp370,mpi-esm1-2-hr_2081-2100_ssp370,14.904008880187238
3.5131147480935234,GLIMB,ipsl-cm6a-lr,2061-2080_ssp370,ipsl-cm6a-lr_2061-2080_ssp370,20.9553639155086
3.5131147480935234,GloGEMflow,ipsl-cm6a-lr,2061-2080_ssp370,ipsl-cm6a-lr_2061-2080_ssp370,29.91547449423411
3.5131147480935234,OGGM_v16,ipsl-cm6a-lr,2061-2080_ssp370,ipsl-cm6a-lr_2061-2080_ssp370,10.70048359319528
3.5131147480935234,PyGEM-OGGM_v13,ipsl-cm6a-lr,2061-2080_ssp370,ipsl-cm6a-lr_2061-2080_ssp370,7.711358502247776
3.5323191142029637,GLIMB,gfdl-esm4,2081-2100_ssp370,gfdl-esm4_2081-2100_ssp370,30.145744898885642
3.5323191142029637,GloGEMflow,gfdl-esm4,2081-2100_ssp370,gfdl-esm4_2081-2100_ssp370,44.42515847970304
3.5323191142029637,OGGM_v16,gfdl-esm4,2081-2100_ssp370,gfdl-esm4_2081-2100_ssp370,24.899569381148748
3.5323191142029637,PyGEM-OGGM_v13,gfdl-esm4,2081-2100_ssp370,gfdl-esm4_2081-2100_ssp370,13.486163678061395
3.541685753482952,GLIMB,mri-esm2-0,2061-2080_ssp585,mri-esm2-0_2061-2080_ssp585,22.171812397327674
3.541685753482952,GloGEMflow,mri-esm2-0,2061-2080_ssp585,mri-esm2-0_2061-2080_ssp585,28.525292920771623
3.541685753482952,OGGM_v16,mri-esm2-0,2061-2080_ssp585,mri-esm2-0_2061-2080_ssp585,14.522448731760264
3.541685753482952,PyGEM-OGGM_v13,mri-esm2-0,2061-2080_ssp585,mri-esm2-0_2061-2080_ssp585,7.0356615215520355
3.646967337572662,GLIMB,ukesm1-0-ll,2041-2060_ssp585,ukesm1-0-ll_2041-2060_ssp585,23.666481870002283
3.646967337572662,GloGEMflow,ukesm1-0-ll,2041-2060_ssp585,ukesm1-0-ll_2041-2060_ssp585,24.811982139854376
3.646967337572662,OGGM_v16,ukesm1-0-ll,2041-2060_ssp585,ukesm1-0-ll_2041-2060_ssp585,9.423081227179258
3.646967337572662,PyGEM-OGGM_v13,ukesm1-0-ll,2041-2060_ssp585,ukesm1-0-ll_2041-2060_ssp585,8.221107772157206
3.811452139882864,GLIMB,mri-esm2-0,2081-2100_ssp370,mri-esm2-0_2081-2100_ssp370,20.408200976796703
3.811452139882864,GloGEMflow,mri-esm2-0,2081-2100_ssp370,mri-esm2-0_2081-2100_ssp370,28.293229977921087
3.811452139882864,OGGM_v16,mri-esm2-0,2081-2100_ssp370,mri-esm2-0_2081-2100_ssp370,13.125871840669383
3.811452139882864,PyGEM-OGGM_v13,mri-esm2-0,2081-2100_ssp370,mri-esm2-0_2081-2100_ssp370,5.4457658226947485
3.9907986846486527,GLIMB,mpi-esm1-2-hr,2081-2100_ssp585,mpi-esm1-2-hr_2081-2100_ssp585,24.481981538237786
3.9907986846486527,GloGEMflow,mpi-esm1-2-hr,2081-2100_ssp585,mpi-esm1-2-hr_2081-2100_ssp585,38.902336608521516
3.9907986846486527,OGGM_v16,mpi-esm1-2-hr,2081-2100_ssp585,mpi-esm1-2-hr_2081-2100_ssp585,27.121257629733375
3.9907986846486527,PyGEM-OGGM_v13,mpi-esm1-2-hr,2081-2100_ssp585,mpi-esm1-2-hr_2081-2100_ssp585,12.63622677515446
4.001455331400752,GLIMB,gfdl-esm4,2081-2100_ssp585,gfdl-esm4_2081-2100_ssp585,24.91282367197361
4.001455331400752,GloGEMflow,gfdl-esm4,2081-2100_ssp585,gfdl-esm4_2081-2100_ssp585,32.482108038408676
4.001455331400752,OGGM_v16,gfdl-esm4,2081-2100_ssp585,gfdl-esm4_2081-2100_ssp585,18.431628694493476
4.001455331400752,PyGEM-OGGM_v13,gfdl-esm4,2081-2100_ssp585,gfdl-esm4_2081-2100_ssp585,9.861038109052675
4.16009837781178,GLIMB,ipsl-cm6a-lr,2061-2080_ssp585,ipsl-cm6a-lr_2061-2080_ssp585,16.528552709333386
4.16009837781178,GloGEMflow,ipsl-cm6a-lr,2061-2080_ssp585,ipsl-cm6a-lr_2061-2080_ssp585,17.903718589195268
4.16009837781178,OGGM_v16,ipsl-cm6a-lr,2061-2080_ssp585,ipsl-cm6a-lr_2061-2080_ssp585,7.870396178423475
4.16009837781178,PyGEM-OGGM_v13,ipsl-cm6a-lr,2061-2080_ssp585,ipsl-cm6a-lr_2061-2080_ssp585,5.65760991974455
4.439976778002009,GLIMB,ukesm1-0-ll,2061-2080_ssp370,ukesm1-0-ll_2061-2080_ssp370,17.44013990776651
4.439976778002009,GloGEMflow,ukesm1-0-ll,2061-2080_ssp370,ukesm1-0-ll_2061-2080_ssp370,12.090478280435304
4.439976778002009,OGGM_v16,ukesm1-0-ll,2061-2080_ssp370,ukesm1-0-ll_2061-2080_ssp370,4.325168095880784
4.439976778002009,PyGEM-OGGM_v13,ukesm1-0-ll,2061-2080_ssp370,ukesm1-0-ll_2061-2080_ssp370,5.638983342227706
4.5943250252311145,GLIMB,mri-esm2-0,2081-2100_ssp585,mri-esm2-0_2081-2100_ssp585,16.415385463033704
4.5943250252311145,GloGEMflow,mri-esm2-0,2081-2100_ssp585,mri-esm2-0_2081-2100_ssp585,24.440468501502504
4.5943250252311145,OGGM_v16,mri-esm2-0,2081-2100_ssp585,mri-esm2-0_2081-2100_ssp585,8.159687993592224
4.5943250252311145,PyGEM-OGGM_v13,mri-esm2-0,2081-2100_ssp585,mri-esm2-0_2081-2100_ssp585,5.286856126470695
4.677751174879019,GLIMB,ipsl-cm6a-lr,2081-2100_ssp370,ipsl-cm6a-lr_2081-2100_ssp370,15.356563364970702
4.677751174879019,GloGEMflow,ipsl-cm6a-lr,2081-2100_ssp370,ipsl-cm6a-lr_2081-2100_ssp370,17.36262841324611
4.677751174879019,OGGM_v16,ipsl-cm6a-lr,2081-2100_ssp370,ipsl-cm6a-lr_2081-2100_ssp370,6.380198275189911
4.677751174879019,PyGEM-OGGM_v13,ipsl-cm6a-lr,2081-2100_ssp370,ipsl-cm6a-lr_2081-2100_ssp370,5.683836248394159
5.23054329301376,GLIMB,ukesm1-0-ll,2061-2080_ssp585,ukesm1-0-ll_2061-2080_ssp585,16.081657462248593
5.23054329301376,GloGEMflow,ukesm1-0-ll,2061-2080_ssp585,ukesm1-0-ll_2061-2080_ssp585,10.433280861284965
5.23054329301376,OGGM_v16,ukesm1-0-ll,2061-2080_ssp585,ukesm1-0-ll_2061-2080_ssp585,3.222536243789806
5.23054329301376,PyGEM-OGGM_v13,ukesm1-0-ll,2061-2080_ssp585,ukesm1-0-ll_2061-2080_ssp585,3.833604248071022
5.840495049230714,GLIMB,ukesm1-0-ll,2081-2100_ssp370,ukesm1-0-ll_2081-2100_ssp370,11.7307116754262
5.840495049230714,GloGEMflow,ukesm1-0-ll,2081-2100_ssp370,ukesm1-0-ll_2081-2100_ssp370,6.68320241722346
5.840495049230714,OGGM_v16,ukesm1-0-ll,2081-2100_ssp370,ukesm1-0-ll_2081-2100_ssp370,2.3404120884045505
5.840495049230714,PyGEM-OGGM_v13,ukesm1-0-ll,2081-2100_ssp370,ukesm1-0-ll_2081-2100_ssp370,3.311640191766816
5.849304978170279,GLIMB,ipsl-cm6a-lr,2081-2100_ssp585,ipsl-cm6a-lr_2081-2100_ssp585,11.566789348063342
5.849304978170279,GloGEMflow,ipsl-cm6a-lr,2081-2100_ssp585,ipsl-cm6a-lr_2081-2100_ssp585,9.696820504679678
5.849304978170279,OGGM_v16,ipsl-cm6a-lr,2081-2100_ssp585,ipsl-cm6a-lr_2081-2100_ssp585,4.10334047643813
5.849304978170279,PyGEM-OGGM_v13,ipsl-cm6a-lr,2081-2100_ssp585,ipsl-cm6a-lr_2081-2100_ssp585,4.03592342799244
6.884360785697311,GLIMB,ukesm1-0-ll,2081-2100_ssp585,ukesm1-0-ll_2081-2100_ssp585,9.462886574607422
6.884360785697311,GloGEMflow,ukesm1-0-ll,2081-2100_ssp585,ukesm1-0-ll_2081-2100_ssp585,5.22072770552049
6.884360785697311,OGGM_v16,ukesm1-0-ll,2081-2100_ssp585,ukesm1-0-ll_2081-2100_ssp585,1.4150149493129922
6.884360785697311,PyGEM-OGGM_v13,ukesm1-0-ll,2081-2100_ssp585,ukesm1-0-ll_2081-2100_ssp585,3.10441780724537
