temp_ch_ipcc,gcm,period_scenario,experiment,median_mass_percent_rel_2020_excluding_PyGEM_OGGM_v13
-0.1435287736460142,ipsl-cm6a-lr,1901-1920_hist,ipsl-cm6a-lr_1901-1920_hist,139.2865819288794
-0.1319133257011855,ipsl-cm6a-lr,1851-1870_hist,ipsl-cm6a-lr_1851-1870_hist,131.39265807401486
0.0833736138284337,mpi-esm1-2-hr,1851-1870_hist,mpi-esm1-2-hr_1851-1870_hist,111.5334580552998
0.1016562514146834,mpi-esm1-2-hr,1901-1920_hist,mpi-esm1-2-hr_1901-1920_hist,117.05756833140539
0.1909476951352631,mri-esm2-0,1851-1870_hist,mri-esm2-0_1851-1870_hist,111.91804755627444
0.2314087884401598,gfdl-esm4,1851-1870_hist,gfdl-esm4_1851-1870_hist,92.75103298872202
0.2374210262441569,ukesm1-0-ll,1951-1970_hist,ukesm1-0-ll_1951-1970_hist,93.50822365509649
0.2524779717488781,mri-esm2-0,1901-1920_hist,mri-esm2-0_1901-1920_hist,110.85744554093682
0.3028923844731737,ipsl-cm6a-lr,1951-1970_hist,ipsl-cm6a-lr_1951-1970_hist,99.2702688914758
0.3530089022449858,mpi-esm1-2-hr,1951-1970_hist,mpi-esm1-2-hr_1951-1970_hist,110.62186303939424
0.3535286605061203,ukesm1-0-ll,1901-1920_hist,ukesm1-0-ll_1901-1920_hist,95.72036058356701
0.373094646035073,ukesm1-0-ll,1851-1870_hist,ukesm1-0-ll_1851-1870_hist,90.5960297779993
0.3826520320932922,mri-esm2-0,1951-1970_hist,mri-esm2-0_1951-1970_hist,90.49037906782729
0.3922811293371855,gfdl-esm4,1951-1970_hist,gfdl-esm4_1951-1970_hist,103.19044820724184
0.478288564324949,gfdl-esm4,1901-1920_hist,gfdl-esm4_1901-1920_hist,76.73904509550157
0.9014667339962784,gfdl-esm4,1995-2014_hist,gfdl-esm4_1995-2014_hist,67.66971276204507
0.9049395549636868,mpi-esm1-2-hr,1995-2014_hist,mpi-esm1-2-hr_1995-2014_hist,68.61991546746745
0.913313145803356,ipsl-cm6a-lr,1995-2014_hist,ipsl-cm6a-lr_1995-2014_hist,66.10207163906989
0.9222489478058092,mri-esm2-0,1995-2014_hist,mri-esm2-0_1995-2014_hist,69.43783057430682
1.0587674077643272,ukesm1-0-ll,1995-2014_hist,ukesm1-0-ll_1995-2014_hist,72.83575953810342
1.4691135287002737,mpi-esm1-2-hr,2021-2040_ssp126,mpi-esm1-2-hr_2021-2040_ssp126,56.48927720929917
1.4885639337566965,gfdl-esm4,2021-2040_ssp370,gfdl-esm4_2021-2040_ssp370,58.12394705224334
1.4937790687750323,mpi-esm1-2-hr,2021-2040_ssp370,mpi-esm1-2-hr_2021-2040_ssp370,55.864190942806594
1.493791625332881,gfdl-esm4,2021-2040_ssp126,gfdl-esm4_2021-2040_ssp126,53.518852322430334
1.5283027574212975,mpi-esm1-2-hr,2021-2040_ssp585,mpi-esm1-2-hr_2021-2040_ssp585,54.54142127975362
1.5298023875255358,gfdl-esm4,2021-2040_ssp585,gfdl-esm4_2021-2040_ssp585,53.673264987166604
1.636714986028974,ipsl-cm6a-lr,2021-2040_ssp126,ipsl-cm6a-lr_2021-2040_ssp126,42.98971320114171
1.656830649489223,mpi-esm1-2-hr,2041-2060_ssp126,mpi-esm1-2-hr_2041-2060_ssp126,56.43312820250032
1.6599956464695365,mpi-esm1-2-hr,2081-2100_ssp126,mpi-esm1-2-hr_2081-2100_ssp126,53.43125807403139
1.664909941388102,ipsl-cm6a-lr,2021-2040_ssp585,ipsl-cm6a-lr_2021-2040_ssp585,43.48945078950455
1.6781632715811343,ipsl-cm6a-lr,2021-2040_ssp370,ipsl-cm6a-lr_2021-2040_ssp370,44.54400716768903
1.6787497715238051,gfdl-esm4,2041-2060_ssp126,gfdl-esm4_2041-2060_ssp126,52.387656945039204
1.6844760802167618,gfdl-esm4,2081-2100_ssp126,gfdl-esm4_2081-2100_ssp126,47.01130066357354
1.695689895147091,mpi-esm1-2-hr,2061-2080_ssp126,mpi-esm1-2-hr_2061-2080_ssp126,51.46656507740214
1.7054887108734946,mri-esm2-0,2021-2040_ssp370,mri-esm2-0_2021-2040_ssp370,45.73273538240617
1.7263241376269964,mri-esm2-0,2021-2040_ssp126,mri-esm2-0_2021-2040_ssp126,41.14696612549938
1.7300556075408982,gfdl-esm4,2061-2080_ssp126,gfdl-esm4_2061-2080_ssp126,53.158408419461225
1.9117346788457827,mri-esm2-0,2021-2040_ssp585,mri-esm2-0_2021-2040_ssp585,44.07892257907498
1.9477879408841847,mri-esm2-0,2081-2100_ssp126,mri-esm2-0_2081-2100_ssp126,40.706089203464785
1.996245046811256,mri-esm2-0,2041-2060_ssp126,mri-esm2-0_2041-2060_ssp126,39.1904036247735
2.049075466844948,ipsl-cm6a-lr,2041-2060_ssp126,ipsl-cm6a-lr_2041-2060_ssp126,37.00920559427175
2.0496075314919837,gfdl-esm4,2041-2060_ssp370,gfdl-esm4_2041-2060_ssp370,44.929075189345234
2.0912659163195166,mri-esm2-0,2061-2080_ssp126,mri-esm2-0_2061-2080_ssp126,40.003661098260395
2.092677030991532,mpi-esm1-2-hr,2041-2060_ssp370,mpi-esm1-2-hr_2041-2060_ssp370,40.75117604256101
2.1396524250416253,mpi-esm1-2-hr,2041-2060_ssp585,mpi-esm1-2-hr_2041-2060_ssp585,41.52154604531867
2.1712205231308155,ipsl-cm6a-lr,2081-2100_ssp126,ipsl-cm6a-lr_2081-2100_ssp126,34.811893722677276
2.1761438977250376,ukesm1-0-ll,2021-2040_ssp126,ukesm1-0-ll_2021-2040_ssp126,43.39555112348197
2.189115489502097,gfdl-esm4,2041-2060_ssp585,gfdl-esm4_2041-2060_ssp585,39.36514457788738
2.191208340613269,ipsl-cm6a-lr,2061-2080_ssp126,ipsl-cm6a-lr_2061-2080_ssp126,34.753555908361164
2.3197325111266047,ukesm1-0-ll,2021-2040_ssp585,ukesm1-0-ll_2021-2040_ssp585,41.76897474442479
2.3233173057330725,ukesm1-0-ll,2021-2040_ssp370,ukesm1-0-ll_2021-2040_ssp370,42.90701452734824
2.404955505633247,mri-esm2-0,2041-2060_ssp370,mri-esm2-0_2041-2060_ssp370,30.029193015362083
2.5948271367994478,ipsl-cm6a-lr,2041-2060_ssp370,ipsl-cm6a-lr_2041-2060_ssp370,30.501581001520353
2.687006726396547,mri-esm2-0,2041-2060_ssp585,mri-esm2-0_2041-2060_ssp585,27.888263538554668
2.718961154542893,mpi-esm1-2-hr,2061-2080_ssp370,mpi-esm1-2-hr_2061-2080_ssp370,33.224549692859135
2.7398348752990143,ukesm1-0-ll,2041-2060_ssp126,ukesm1-0-ll_2041-2060_ssp126,31.78449254428283
2.8141615409733487,gfdl-esm4,2061-2080_ssp370,gfdl-esm4_2061-2080_ssp370,34.508918774647704
2.843937216517189,ipsl-cm6a-lr,2041-2060_ssp585,ipsl-cm6a-lr_2041-2060_ssp585,27.64387263320047
2.950346953824412,mpi-esm1-2-hr,2061-2080_ssp585,mpi-esm1-2-hr_2061-2080_ssp585,30.753047774068996
2.951472321285355,ukesm1-0-ll,2061-2080_ssp126,ukesm1-0-ll_2061-2080_ssp126,33.004945926003636
3.038482494458876,ukesm1-0-ll,2081-2100_ssp126,ukesm1-0-ll_2081-2100_ssp126,28.77752382888495
3.048039247761285,gfdl-esm4,2061-2080_ssp585,gfdl-esm4_2061-2080_ssp585,31.430545229676543
3.105613246951532,mri-esm2-0,2061-2080_ssp370,mri-esm2-0_2061-2080_ssp370,23.741571564322356
3.414119753355767,ukesm1-0-ll,2041-2060_ssp370,ukesm1-0-ll_2041-2060_ssp370,24.36451881949302
3.4545105505178424,mpi-esm1-2-hr,2081-2100_ssp370,mpi-esm1-2-hr_2081-2100_ssp370,29.071963022417616
3.5131147480935234,ipsl-cm6a-lr,2061-2080_ssp370,ipsl-cm6a-lr_2061-2080_ssp370,20.9553639155086
3.5323191142029637,gfdl-esm4,2081-2100_ssp370,gfdl-esm4_2081-2100_ssp370,30.145744898885642
3.541685753482952,mri-esm2-0,2061-2080_ssp585,mri-esm2-0_2061-2080_ssp585,22.171812397327674
3.646967337572662,ukesm1-0-ll,2041-2060_ssp585,ukesm1-0-ll_2041-2060_ssp585,23.666481870002283
3.811452139882864,mri-esm2-0,2081-2100_ssp370,mri-esm2-0_2081-2100_ssp370,20.408200976796703
3.9907986846486527,mpi-esm1-2-hr,2081-2100_ssp585,mpi-esm1-2-hr_2081-2100_ssp585,27.121257629733375
4.001455331400752,gfdl-esm4,2081-2100_ssp585,gfdl-esm4_2081-2100_ssp585,24.91282367197361
4.16009837781178,ipsl-cm6a-lr,2061-2080_ssp585,ipsl-cm6a-lr_2061-2080_ssp585,16.528552709333386
4.439976778002009,ukesm1-0-ll,2061-2080_ssp370,ukesm1-0-ll_2061-2080_ssp370,12.090478280435304
4.5943250252311145,mri-esm2-0,2081-2100_ssp585,mri-esm2-0_2081-2100_ssp585,16.415385463033704
4.677751174879019,ipsl-cm6a-lr,2081-2100_ssp370,ipsl-cm6a-lr_2081-2100_ssp370,15.356563364970702
5.23054329301376,ukesm1-0-ll,2061-2080_ssp585,ukesm1-0-ll_2061-2080_ssp585,10.433280861284965
5.840495049230714,ukesm1-0-ll,2081-2100_ssp370,ukesm1-0-ll_2081-2100_ssp370,6.68320241722346
5.849304978170279,ipsl-cm6a-lr,2081-2100_ssp585,ipsl-cm6a-lr_2081-2100_ssp585,9.696820504679678
6.884360785697311,ukesm1-0-ll,2081-2100_ssp585,ukesm1-0-ll_2081-2100_ssp585,5.22072770552049
