gcm,period_scenario,temp_ch_ipcc,mass_remaining
ipsl-cm6a-lr,1901-1920_hist,-0.1435287736460142,87.99424513836077
ipsl-cm6a-lr,1901-1920_hist,-0.1435287736460142,148.5771216162424
ipsl-cm6a-lr,1901-1920_hist,-0.1435287736460142,139.2865819288794
ipsl-cm6a-lr,1901-1920_hist,-0.1435287736460142,84.1945814620696
ipsl-cm6a-lr,1851-1870_hist,-0.1319133257011855,86.68089306289914
ipsl-cm6a-lr,1851-1870_hist,-0.1319133257011855,143.30530334809131
ipsl-cm6a-lr,1851-1870_hist,-0.1319133257011855,131.39265807401486
ipsl-cm6a-lr,1851-1870_hist,-0.1319133257011855,82.25451731840504
mpi-esm1-2-hr,1851-1870_hist,0.0833736138284337,90.13356623413408
mpi-esm1-2-hr,1851-1870_hist,0.0833736138284337,111.5334580552998
mpi-esm1-2-hr,1851-1870_hist,0.0833736138284337,119.81876482358996
mpi-esm1-2-hr,1851-1870_hist,0.0833736138284337,71.43577142683918
mpi-esm1-2-hr,1901-1920_hist,0.1016562514146834,88.6539909719752
mpi-esm1-2-hr,1901-1920_hist,0.1016562514146834,117.0575683314054
mpi-esm1-2-hr,1901-1920_hist,0.1016562514146834,133.3346503241081
mpi-esm1-2-hr,1901-1920_hist,0.1016562514146834,73.32362007758455
mri-esm2-0,1851-1870_hist,0.1909476951352631,86.13932554265239
mri-esm2-0,1851-1870_hist,0.1909476951352631,112.6098779422654
mri-esm2-0,1851-1870_hist,0.1909476951352631,111.91804755627444
mri-esm2-0,1851-1870_hist,0.1909476951352631,76.85560621362819
gfdl-esm4,1851-1870_hist,0.2314087884401598,82.05019660571266
gfdl-esm4,1851-1870_hist,0.2314087884401598,92.75103298872202
gfdl-esm4,1851-1870_hist,0.2314087884401598,105.50174982773716
gfdl-esm4,1851-1870_hist,0.2314087884401598,64.20231529126104
ukesm1-0-ll,1951-1970_hist,0.2374210262441569,92.30653404152064
ukesm1-0-ll,1951-1970_hist,0.2374210262441569,120.24804780802508
ukesm1-0-ll,1951-1970_hist,0.2374210262441569,93.50822365509649
ukesm1-0-ll,1951-1970_hist,0.2374210262441569,78.47009331071663
mri-esm2-0,1901-1920_hist,0.2524779717488781,82.86195004107431
mri-esm2-0,1901-1920_hist,0.2524779717488781,115.3168489205566
mri-esm2-0,1901-1920_hist,0.2524779717488781,110.85744554093682
mri-esm2-0,1901-1920_hist,0.2524779717488781,80.33300645005438
ipsl-cm6a-lr,1951-1970_hist,0.3028923844731737,75.24067860447822
ipsl-cm6a-lr,1951-1970_hist,0.3028923844731737,123.43168925799024
ipsl-cm6a-lr,1951-1970_hist,0.3028923844731737,99.2702688914758
ipsl-cm6a-lr,1951-1970_hist,0.3028923844731737,63.38618763999554
mpi-esm1-2-hr,1951-1970_hist,0.3530089022449858,82.70422037894315
mpi-esm1-2-hr,1951-1970_hist,0.3530089022449858,112.02594413712704
mpi-esm1-2-hr,1951-1970_hist,0.3530089022449858,110.62186303939424
mpi-esm1-2-hr,1951-1970_hist,0.3530089022449858,63.3285785534505
ukesm1-0-ll,1901-1920_hist,0.3535286605061203,86.71280519649407
ukesm1-0-ll,1901-1920_hist,0.3535286605061203,115.00484910353212
ukesm1-0-ll,1901-1920_hist,0.3535286605061203,95.720360583567
ukesm1-0-ll,1901-1920_hist,0.3535286605061203,71.98153063780506
ukesm1-0-ll,1851-1870_hist,0.373094646035073,89.88638693923996
ukesm1-0-ll,1851-1870_hist,0.373094646035073,106.12102040613192
ukesm1-0-ll,1851-1870_hist,0.373094646035073,90.5960297779993
ukesm1-0-ll,1851-1870_hist,0.373094646035073,71.41831101564001
mri-esm2-0,1951-1970_hist,0.3826520320932922,78.98834096284887
mri-esm2-0,1951-1970_hist,0.3826520320932922,110.00696949771604
mri-esm2-0,1951-1970_hist,0.3826520320932922,90.49037906782728
mri-esm2-0,1951-1970_hist,0.3826520320932922,70.05622172731684
gfdl-esm4,1951-1970_hist,0.3922811293371855,77.23985222572139
gfdl-esm4,1951-1970_hist,0.3922811293371855,105.97655915941247
gfdl-esm4,1951-1970_hist,0.3922811293371855,103.19044820724184
gfdl-esm4,1951-1970_hist,0.3922811293371855,59.07941589775586
gfdl-esm4,1901-1920_hist,0.478288564324949,75.02602409209405
gfdl-esm4,1901-1920_hist,0.478288564324949,92.496030879551
gfdl-esm4,1901-1920_hist,0.478288564324949,76.73904509550157
gfdl-esm4,1901-1920_hist,0.478288564324949,48.65717630867581
gfdl-esm4,1995-2014_hist,0.9014667339962784,67.66971276204507
gfdl-esm4,1995-2014_hist,0.9014667339962784,88.0936747355509
gfdl-esm4,1995-2014_hist,0.9014667339962784,67.01263871393006
gfdl-esm4,1995-2014_hist,0.9014667339962784,46.46695006017629
mpi-esm1-2-hr,1995-2014_hist,0.9049395549636868,67.10271466398565
mpi-esm1-2-hr,1995-2014_hist,0.9049395549636868,94.33142208806846
mpi-esm1-2-hr,1995-2014_hist,0.9049395549636868,68.61991546746745
mpi-esm1-2-hr,1995-2014_hist,0.9049395549636868,49.49687363710684
ipsl-cm6a-lr,1995-2014_hist,0.913313145803356,66.10207163906989
ipsl-cm6a-lr,1995-2014_hist,0.913313145803356,100.650440574623
ipsl-cm6a-lr,1995-2014_hist,0.913313145803356,64.5034919507877
ipsl-cm6a-lr,1995-2014_hist,0.913313145803356,50.03947476717403
mri-esm2-0,1995-2014_hist,0.9222489478058092,66.68240483028048
mri-esm2-0,1995-2014_hist,0.9222489478058092,86.85059998811228
mri-esm2-0,1995-2014_hist,0.9222489478058092,69.43783057430682
mri-esm2-0,1995-2014_hist,0.9222489478058092,52.63938867435107
ukesm1-0-ll,1995-2014_hist,1.0587674077643272,72.83575953810342
ukesm1-0-ll,1995-2014_hist,1.0587674077643272,86.90661812715217
ukesm1-0-ll,1995-2014_hist,1.0587674077643272,61.51430161479839
ukesm1-0-ll,1995-2014_hist,1.0587674077643272,52.289948687467735
mpi-esm1-2-hr,2021-2040_ssp126,1.4691135287002737,56.32245245859927
mpi-esm1-2-hr,2021-2040_ssp126,1.4691135287002737,88.03675602920853
mpi-esm1-2-hr,2021-2040_ssp126,1.4691135287002737,56.48927720929917
mpi-esm1-2-hr,2021-2040_ssp126,1.4691135287002737,36.6368042647856
gfdl-esm4,2021-2040_ssp370,1.4885639337566965,58.12394705224334
gfdl-esm4,2021-2040_ssp370,1.4885639337566965,85.90400058912422
gfdl-esm4,2021-2040_ssp370,1.4885639337566965,56.61570792530941
gfdl-esm4,2021-2040_ssp370,1.4885639337566965,36.326392909533936
mpi-esm1-2-hr,2021-2040_ssp370,1.4937790687750323,54.952386491251374
mpi-esm1-2-hr,2021-2040_ssp370,1.4937790687750323,86.38873263383083
mpi-esm1-2-hr,2021-2040_ssp370,1.4937790687750323,55.864190942806594
mpi-esm1-2-hr,2021-2040_ssp370,1.4937790687750323,37.99784480198208
gfdl-esm4,2021-2040_ssp126,1.493791625332881,53.518852322430334
gfdl-esm4,2021-2040_ssp126,1.493791625332881,75.3716040401582
gfdl-esm4,2021-2040_ssp126,1.493791625332881,49.36883487453601
gfdl-esm4,2021-2040_ssp126,1.493791625332881,31.147848991038625
mpi-esm1-2-hr,2021-2040_ssp585,1.5283027574212975,54.22506504269893
mpi-esm1-2-hr,2021-2040_ssp585,1.5283027574212975,86.0180360154507
mpi-esm1-2-hr,2021-2040_ssp585,1.5283027574212975,54.54142127975362
mpi-esm1-2-hr,2021-2040_ssp585,1.5283027574212975,35.624347065752566
gfdl-esm4,2021-2040_ssp585,1.5298023875255358,53.67326498716661
gfdl-esm4,2021-2040_ssp585,1.5298023875255358,83.62480213237075
gfdl-esm4,2021-2040_ssp585,1.5298023875255358,51.25006932567134
gfdl-esm4,2021-2040_ssp585,1.5298023875255358,32.482309364949465
ipsl-cm6a-lr,2021-2040_ssp126,1.636714986028974,42.98971320114171
ipsl-cm6a-lr,2021-2040_ssp126,1.636714986028974,67.76982605751152
ipsl-cm6a-lr,2021-2040_ssp126,1.636714986028974,35.57450794526242
ipsl-cm6a-lr,2021-2040_ssp126,1.636714986028974,26.345310656346392
mpi-esm1-2-hr,2041-2060_ssp126,1.656830649489223,50.59919395276874
mpi-esm1-2-hr,2041-2060_ssp126,1.656830649489223,80.56764063789899
mpi-esm1-2-hr,2041-2060_ssp126,1.656830649489223,56.43312820250032
mpi-esm1-2-hr,2041-2060_ssp126,1.656830649489223,32.68670778660777
mpi-esm1-2-hr,2081-2100_ssp126,1.6599956464695365,49.32944295793401
mpi-esm1-2-hr,2081-2100_ssp126,1.6599956464695365,71.04921616879042
mpi-esm1-2-hr,2081-2100_ssp126,1.6599956464695365,53.43125807403139
mpi-esm1-2-hr,2081-2100_ssp126,1.6599956464695365,30.968842660945512
ipsl-cm6a-lr,2021-2040_ssp585,1.664909941388102,43.48945078950455
ipsl-cm6a-lr,2021-2040_ssp585,1.664909941388102,62.62857390550769
ipsl-cm6a-lr,2021-2040_ssp585,1.664909941388102,31.219232825729858
ipsl-cm6a-lr,2021-2040_ssp585,1.664909941388102,26.205959135325244
ipsl-cm6a-lr,2021-2040_ssp370,1.6781632715811343,44.54400716768903
ipsl-cm6a-lr,2021-2040_ssp370,1.6781632715811343,69.37021011841131
ipsl-cm6a-lr,2021-2040_ssp370,1.6781632715811343,38.35390478411277
ipsl-cm6a-lr,2021-2040_ssp370,1.6781632715811343,27.236533656593057
gfdl-esm4,2041-2060_ssp126,1.6787497715238051,52.3876569450392
gfdl-esm4,2041-2060_ssp126,1.6787497715238051,76.34032971550734
gfdl-esm4,2041-2060_ssp126,1.6787497715238051,47.4554640519574
gfdl-esm4,2041-2060_ssp126,1.6787497715238051,31.755040784303816
gfdl-esm4,2081-2100_ssp126,1.6844760802167618,47.01130066357354
gfdl-esm4,2081-2100_ssp126,1.6844760802167618,73.78188212447775
gfdl-esm4,2081-2100_ssp126,1.6844760802167618,43.04348231306363
gfdl-esm4,2081-2100_ssp126,1.6844760802167618,29.562141461154635
mpi-esm1-2-hr,2061-2080_ssp126,1.695689895147091,47.883853431437714
mpi-esm1-2-hr,2061-2080_ssp126,1.695689895147091,76.21638337415477
mpi-esm1-2-hr,2061-2080_ssp126,1.695689895147091,51.46656507740214
mpi-esm1-2-hr,2061-2080_ssp126,1.695689895147091,31.824897449558296
mri-esm2-0,2021-2040_ssp370,1.7054887108734946,45.73273538240617
mri-esm2-0,2021-2040_ssp370,1.7054887108734946,72.01298982164089
mri-esm2-0,2021-2040_ssp370,1.7054887108734946,40.37931121234553
mri-esm2-0,2021-2040_ssp370,1.7054887108734946,28.8462362206192
mri-esm2-0,2021-2040_ssp126,1.7263241376269964,41.14696612549938
mri-esm2-0,2021-2040_ssp126,1.7263241376269964,59.24023437621667
mri-esm2-0,2021-2040_ssp126,1.7263241376269964,36.35590358486923
mri-esm2-0,2021-2040_ssp126,1.7263241376269964,25.452638864030344
gfdl-esm4,2061-2080_ssp126,1.7300556075408982,53.158408419461225
gfdl-esm4,2061-2080_ssp126,1.7300556075408982,78.03650744841285
gfdl-esm4,2061-2080_ssp126,1.7300556075408982,50.89641734983861
gfdl-esm4,2061-2080_ssp126,1.7300556075408982,30.51057384083564
mri-esm2-0,2021-2040_ssp585,1.9117346788457827,44.07892257907498
mri-esm2-0,2021-2040_ssp585,1.9117346788457827,65.99735102410132
mri-esm2-0,2021-2040_ssp585,1.9117346788457827,39.84020554239859
mri-esm2-0,2021-2040_ssp585,1.9117346788457827,23.81823638481188
mri-esm2-0,2081-2100_ssp126,1.9477879408841847,40.70608920346479
mri-esm2-0,2081-2100_ssp126,1.9477879408841847,55.86544335432461
mri-esm2-0,2081-2100_ssp126,1.9477879408841847,34.17551576863108
mri-esm2-0,2081-2100_ssp126,1.9477879408841847,24.18279227560343
mri-esm2-0,2041-2060_ssp126,1.996245046811256,39.1904036247735
mri-esm2-0,2041-2060_ssp126,1.996245046811256,53.99255899701125
mri-esm2-0,2041-2060_ssp126,1.996245046811256,32.76951870376307
mri-esm2-0,2041-2060_ssp126,1.996245046811256,22.706437190920923
ipsl-cm6a-lr,2041-2060_ssp126,2.049075466844948,37.00920559427175
ipsl-cm6a-lr,2041-2060_ssp126,2.049075466844948,61.456779569799686
ipsl-cm6a-lr,2041-2060_ssp126,2.049075466844948,30.8172890894862
ipsl-cm6a-lr,2041-2060_ssp126,2.049075466844948,21.66090696824189
gfdl-esm4,2041-2060_ssp370,2.049607531491984,44.929075189345234
gfdl-esm4,2041-2060_ssp370,2.049607531491984,61.60121314637762
gfdl-esm4,2041-2060_ssp370,2.049607531491984,37.964811944194096
gfdl-esm4,2041-2060_ssp370,2.049607531491984,25.3630037241751
mri-esm2-0,2061-2080_ssp126,2.0912659163195166,40.0036610982604
mri-esm2-0,2061-2080_ssp126,2.0912659163195166,55.74863958622211
mri-esm2-0,2061-2080_ssp126,2.0912659163195166,35.09144199079454
mri-esm2-0,2061-2080_ssp126,2.0912659163195166,23.13589459123097
mpi-esm1-2-hr,2041-2060_ssp370,2.092677030991532,40.75117604256101
mpi-esm1-2-hr,2041-2060_ssp370,2.092677030991532,62.05494016394504
mpi-esm1-2-hr,2041-2060_ssp370,2.092677030991532,38.82725665714417
mpi-esm1-2-hr,2041-2060_ssp370,2.092677030991532,24.71715336562457
mpi-esm1-2-hr,2041-2060_ssp585,2.1396524250416253,40.988596762200274
mpi-esm1-2-hr,2041-2060_ssp585,2.1396524250416253,65.43554421615625
mpi-esm1-2-hr,2041-2060_ssp585,2.1396524250416253,41.52154604531867
mpi-esm1-2-hr,2041-2060_ssp585,2.1396524250416253,26.21030095613832
ipsl-cm6a-lr,2081-2100_ssp126,2.1712205231308155,34.81189372267728
ipsl-cm6a-lr,2081-2100_ssp126,2.1712205231308155,52.58797817386433
ipsl-cm6a-lr,2081-2100_ssp126,2.1712205231308155,25.570908829992824
ipsl-cm6a-lr,2081-2100_ssp126,2.1712205231308155,17.379167449669673
ukesm1-0-ll,2021-2040_ssp126,2.1761438977250376,43.39555112348197
ukesm1-0-ll,2021-2040_ssp126,2.1761438977250376,52.52349420406318
ukesm1-0-ll,2021-2040_ssp126,2.1761438977250376,28.44827037691594
ukesm1-0-ll,2021-2040_ssp126,2.1761438977250376,23.75013730571422
gfdl-esm4,2041-2060_ssp585,2.189115489502097,39.36514457788738
gfdl-esm4,2041-2060_ssp585,2.189115489502097,60.54056626533286
gfdl-esm4,2041-2060_ssp585,2.189115489502097,35.44851721568819
gfdl-esm4,2041-2060_ssp585,2.189115489502097,21.540679912494088
ipsl-cm6a-lr,2061-2080_ssp126,2.191208340613269,34.753555908361164
ipsl-cm6a-lr,2061-2080_ssp126,2.191208340613269,56.12938176066756
ipsl-cm6a-lr,2061-2080_ssp126,2.191208340613269,27.765344459408954
ipsl-cm6a-lr,2061-2080_ssp126,2.191208340613269,18.883328007230677
ukesm1-0-ll,2021-2040_ssp585,2.3197325111266047,41.76897474442479
ukesm1-0-ll,2021-2040_ssp585,2.3197325111266047,51.76569089909484
ukesm1-0-ll,2021-2040_ssp585,2.3197325111266047,26.317458164860493
ukesm1-0-ll,2021-2040_ssp585,2.3197325111266047,23.497239121224432
ukesm1-0-ll,2021-2040_ssp370,2.3233173057330725,42.90701452734824
ukesm1-0-ll,2021-2040_ssp370,2.3233173057330725,62.666298798148766
ukesm1-0-ll,2021-2040_ssp370,2.3233173057330725,29.46696338068386
ukesm1-0-ll,2021-2040_ssp370,2.3233173057330725,24.13104614724596
mri-esm2-0,2041-2060_ssp370,2.404955505633247,30.029193015362083
mri-esm2-0,2041-2060_ssp370,2.404955505633247,52.07991555341806
mri-esm2-0,2041-2060_ssp370,2.404955505633247,23.055185555195877
mri-esm2-0,2041-2060_ssp370,2.404955505633247,15.25269265120202
ipsl-cm6a-lr,2041-2060_ssp370,2.594827136799448,30.501581001520357
ipsl-cm6a-lr,2041-2060_ssp370,2.594827136799448,46.92775195598407
ipsl-cm6a-lr,2041-2060_ssp370,2.594827136799448,20.898828957596923
ipsl-cm6a-lr,2041-2060_ssp370,2.594827136799448,13.929152457655508
mri-esm2-0,2041-2060_ssp585,2.687006726396547,27.888263538554668
mri-esm2-0,2041-2060_ssp585,2.687006726396547,51.7871461158988
mri-esm2-0,2041-2060_ssp585,2.687006726396547,22.92866140619096
mri-esm2-0,2041-2060_ssp585,2.687006726396547,12.159970158907903
mpi-esm1-2-hr,2061-2080_ssp370,2.718961154542893,33.224549692859135
mpi-esm1-2-hr,2061-2080_ssp370,2.718961154542893,56.55846482572085
mpi-esm1-2-hr,2061-2080_ssp370,2.718961154542893,31.96033603507103
mpi-esm1-2-hr,2061-2080_ssp370,2.718961154542893,19.645594455145577
ukesm1-0-ll,2041-2060_ssp126,2.7398348752990143,31.78449254428283
ukesm1-0-ll,2041-2060_ssp126,2.7398348752990143,40.61044432844094
ukesm1-0-ll,2041-2060_ssp126,2.7398348752990143,18.0674132833872
ukesm1-0-ll,2041-2060_ssp126,2.7398348752990143,15.731980773580798
gfdl-esm4,2061-2080_ssp370,2.8141615409733487,34.508918774647704
gfdl-esm4,2061-2080_ssp370,2.8141615409733487,49.77199695666861
gfdl-esm4,2061-2080_ssp370,2.8141615409733487,29.430850850112027
gfdl-esm4,2061-2080_ssp370,2.8141615409733487,17.071217306474487
ipsl-cm6a-lr,2041-2060_ssp585,2.843937216517189,27.64387263320047
ipsl-cm6a-lr,2041-2060_ssp585,2.843937216517189,41.01219156204367
ipsl-cm6a-lr,2041-2060_ssp585,2.843937216517189,17.774340774518592
ipsl-cm6a-lr,2041-2060_ssp585,2.843937216517189,11.636406671272107
mpi-esm1-2-hr,2061-2080_ssp585,2.950346953824412,30.753047774069
mpi-esm1-2-hr,2061-2080_ssp585,2.950346953824412,55.23096777077882
mpi-esm1-2-hr,2061-2080_ssp585,2.950346953824412,30.4615646619669
mpi-esm1-2-hr,2061-2080_ssp585,2.950346953824412,18.732086022200352
ukesm1-0-ll,2061-2080_ssp126,2.951472321285355,33.00494592600364
ukesm1-0-ll,2061-2080_ssp126,2.951472321285355,39.71422209814413
ukesm1-0-ll,2061-2080_ssp126,2.951472321285355,17.781287779408544
ukesm1-0-ll,2061-2080_ssp126,2.951472321285355,15.785016517345795
ukesm1-0-ll,2081-2100_ssp126,3.038482494458876,28.77752382888495
ukesm1-0-ll,2081-2100_ssp126,3.038482494458876,36.53978297376935
ukesm1-0-ll,2081-2100_ssp126,3.038482494458876,16.90280397644448
ukesm1-0-ll,2081-2100_ssp126,3.038482494458876,13.110134647164749
gfdl-esm4,2061-2080_ssp585,3.048039247761285,31.430545229676543
gfdl-esm4,2061-2080_ssp585,3.048039247761285,47.833051825791806
gfdl-esm4,2061-2080_ssp585,3.048039247761285,24.11313493828952
gfdl-esm4,2061-2080_ssp585,3.048039247761285,14.062940096321416
mri-esm2-0,2061-2080_ssp370,3.105613246951532,23.74157156432236
mri-esm2-0,2061-2080_ssp370,3.105613246951532,33.39337123612477
mri-esm2-0,2061-2080_ssp370,3.105613246951532,16.32189007291081
mri-esm2-0,2061-2080_ssp370,3.105613246951532,8.73114462064149
ukesm1-0-ll,2041-2060_ssp370,3.414119753355767,24.36451881949302
ukesm1-0-ll,2041-2060_ssp370,3.414119753355767,30.797762951090235
ukesm1-0-ll,2041-2060_ssp370,3.414119753355767,13.583162547042178
ukesm1-0-ll,2041-2060_ssp370,3.414119753355767,7.950655966632135
mpi-esm1-2-hr,2081-2100_ssp370,3.4545105505178424,27.69182564827902
mpi-esm1-2-hr,2081-2100_ssp370,3.4545105505178424,42.15799743674224
mpi-esm1-2-hr,2081-2100_ssp370,3.4545105505178424,29.071963022417616
mpi-esm1-2-hr,2081-2100_ssp370,3.4545105505178424,14.904008880187238
ipsl-cm6a-lr,2061-2080_ssp370,3.5131147480935234,20.9553639155086
ipsl-cm6a-lr,2061-2080_ssp370,3.5131147480935234,29.91547449423411
ipsl-cm6a-lr,2061-2080_ssp370,3.5131147480935234,10.70048359319528
ipsl-cm6a-lr,2061-2080_ssp370,3.5131147480935234,7.711358502247776
gfdl-esm4,2081-2100_ssp370,3.532319114202964,30.14574489888564
gfdl-esm4,2081-2100_ssp370,3.532319114202964,44.42515847970304
gfdl-esm4,2081-2100_ssp370,3.532319114202964,24.899569381148748
gfdl-esm4,2081-2100_ssp370,3.532319114202964,13.486163678061397
mri-esm2-0,2061-2080_ssp585,3.541685753482952,22.171812397327678
mri-esm2-0,2061-2080_ssp585,3.541685753482952,28.525292920771623
mri-esm2-0,2061-2080_ssp585,3.541685753482952,14.522448731760264
mri-esm2-0,2061-2080_ssp585,3.541685753482952,7.035661521552036
ukesm1-0-ll,2041-2060_ssp585,3.646967337572662,23.666481870002283
ukesm1-0-ll,2041-2060_ssp585,3.646967337572662,24.811982139854376
ukesm1-0-ll,2041-2060_ssp585,3.646967337572662,9.423081227179258
ukesm1-0-ll,2041-2060_ssp585,3.646967337572662,8.221107772157206
mri-esm2-0,2081-2100_ssp370,3.811452139882864,20.408200976796703
mri-esm2-0,2081-2100_ssp370,3.811452139882864,28.293229977921087
mri-esm2-0,2081-2100_ssp370,3.811452139882864,13.125871840669385
mri-esm2-0,2081-2100_ssp370,3.811452139882864,5.4457658226947485
mpi-esm1-2-hr,2081-2100_ssp585,3.9907986846486527,24.481981538237783
mpi-esm1-2-hr,2081-2100_ssp585,3.9907986846486527,38.90233660852152
mpi-esm1-2-hr,2081-2100_ssp585,3.9907986846486527,27.12125762973337
mpi-esm1-2-hr,2081-2100_ssp585,3.9907986846486527,12.63622677515446
gfdl-esm4,2081-2100_ssp585,4.001455331400752,24.91282367197361
gfdl-esm4,2081-2100_ssp585,4.001455331400752,32.48210803840868
gfdl-esm4,2081-2100_ssp585,4.001455331400752,18.43162869449348
gfdl-esm4,2081-2100_ssp585,4.001455331400752,9.861038109052677
ipsl-cm6a-lr,2061-2080_ssp585,4.16009837781178,16.528552709333386
ipsl-cm6a-lr,2061-2080_ssp585,4.16009837781178,17.903718589195268
ipsl-cm6a-lr,2061-2080_ssp585,4.16009837781178,7.870396178423475
ipsl-cm6a-lr,2061-2080_ssp585,4.16009837781178,5.65760991974455
ukesm1-0-ll,2061-2080_ssp370,4.439976778002009,17.44013990776651
ukesm1-0-ll,2061-2080_ssp370,4.439976778002009,12.090478280435304
ukesm1-0-ll,2061-2080_ssp370,4.439976778002009,4.325168095880784
ukesm1-0-ll,2061-2080_ssp370,4.439976778002009,5.638983342227706
mri-esm2-0,2081-2100_ssp585,4.5943250252311145,16.415385463033704
mri-esm2-0,2081-2100_ssp585,4.5943250252311145,24.440468501502504
mri-esm2-0,2081-2100_ssp585,4.5943250252311145,8.159687993592224
mri-esm2-0,2081-2100_ssp585,4.5943250252311145,5.286856126470695
ipsl-cm6a-lr,2081-2100_ssp370,4.677751174879019,15.356563364970702
ipsl-cm6a-lr,2081-2100_ssp370,4.677751174879019,17.36262841324611
ipsl-cm6a-lr,2081-2100_ssp370,4.677751174879019,6.380198275189911
ipsl-cm6a-lr,2081-2100_ssp370,4.677751174879019,5.683836248394159
ukesm1-0-ll,2061-2080_ssp585,5.23054329301376,16.081657462248593
ukesm1-0-ll,2061-2080_ssp585,5.23054329301376,10.433280861284963
ukesm1-0-ll,2061-2080_ssp585,5.23054329301376,3.222536243789806
ukesm1-0-ll,2061-2080_ssp585,5.23054329301376,3.833604248071022
ukesm1-0-ll,2081-2100_ssp370,5.840495049230714,11.7307116754262
ukesm1-0-ll,2081-2100_ssp370,5.840495049230714,6.68320241722346
ukesm1-0-ll,2081-2100_ssp370,5.840495049230714,2.3404120884045505
ukesm1-0-ll,2081-2100_ssp370,5.840495049230714,3.311640191766816
ipsl-cm6a-lr,2081-2100_ssp585,5.849304978170279,11.566789348063342
ipsl-cm6a-lr,2081-2100_ssp585,5.849304978170279,9.696820504679678
ipsl-cm6a-lr,2081-2100_ssp585,5.849304978170279,4.10334047643813
ipsl-cm6a-lr,2081-2100_ssp585,5.849304978170279,4.03592342799244
ukesm1-0-ll,2081-2100_ssp585,6.884360785697311,9.462886574607422
ukesm1-0-ll,2081-2100_ssp585,6.884360785697311,5.22072770552049
ukesm1-0-ll,2081-2100_ssp585,6.884360785697311,1.4150149493129922
ukesm1-0-ll,2081-2100_ssp585,6.884360785697311,3.10441780724537
gfdl-esm4,1851-1870_hist,0.2314087884401598,91.75217529396392
gfdl-esm4,1901-1920_hist,0.478288564324949,77.17713699791784
gfdl-esm4,1951-1970_hist,0.3922811293371855,90.25582335393804
gfdl-esm4,1995-2014_hist,0.9014667339962784,78.45270653060186
gfdl-esm4,2021-2040_ssp126,1.493791625332881,57.29840669856637
gfdl-esm4,2021-2040_ssp370,1.4885639337566965,61.50347606324609
gfdl-esm4,2021-2040_ssp585,1.5298023875255358,54.84996222864911
gfdl-esm4,2041-2060_ssp126,1.6787497715238051,59.46423883075548
gfdl-esm4,2041-2060_ssp370,2.049607531491984,53.18334260349844
gfdl-esm4,2041-2060_ssp585,2.189115489502097,43.61085431038231
gfdl-esm4,2061-2080_ssp126,1.7300556075408982,58.2935351079104
gfdl-esm4,2061-2080_ssp370,2.8141615409733487,36.65708696955385
gfdl-esm4,2061-2080_ssp585,3.048039247761285,31.876351663233056
gfdl-esm4,2081-2100_ssp126,1.6844760802167618,57.328694926037926
gfdl-esm4,2081-2100_ssp370,3.532319114202964,27.33554302224078
gfdl-esm4,2081-2100_ssp585,4.001455331400752,19.354171223625677
ipsl-cm6a-lr,1851-1870_hist,-0.1319133257011855,114.12190171118446
ipsl-cm6a-lr,1901-1920_hist,-0.1435287736460142,117.98495224191316
ipsl-cm6a-lr,1951-1970_hist,0.3028923844731737,94.87726254014984
ipsl-cm6a-lr,1995-2014_hist,0.913313145803356,78.15776626517798
ipsl-cm6a-lr,2021-2040_ssp126,1.636714986028974,59.67398469249445
ipsl-cm6a-lr,2021-2040_ssp370,1.6781632715811343,59.78114757771616
ipsl-cm6a-lr,2021-2040_ssp585,1.664909941388102,59.26389118954118
ipsl-cm6a-lr,2041-2060_ssp126,2.049075466844948,51.08481364307907
ipsl-cm6a-lr,2041-2060_ssp370,2.594827136799448,38.41490915662709
ipsl-cm6a-lr,2041-2060_ssp585,2.843937216517189,35.505056268824454
ipsl-cm6a-lr,2061-2080_ssp126,2.191208340613269,49.50049706417471
ipsl-cm6a-lr,2061-2080_ssp370,3.5131147480935234,25.48469767034
ipsl-cm6a-lr,2061-2080_ssp585,4.16009837781178,19.059976715975065
ipsl-cm6a-lr,2081-2100_ssp126,2.1712205231308155,43.14229177914551
ipsl-cm6a-lr,2081-2100_ssp370,4.677751174879019,14.08054382507522
ipsl-cm6a-lr,2081-2100_ssp585,5.849304978170279,8.744514972223225
mpi-esm1-2-hr,1851-1870_hist,0.0833736138284337,94.11274849409531
mpi-esm1-2-hr,1901-1920_hist,0.1016562514146834,99.8098085811864
mpi-esm1-2-hr,1951-1970_hist,0.3530089022449858,93.05976753689392
mpi-esm1-2-hr,1995-2014_hist,0.9049395549636868,76.57254154928387
mpi-esm1-2-hr,2021-2040_ssp126,1.4691135287002737,60.08359647262075
mpi-esm1-2-hr,2021-2040_ssp370,1.4937790687750323,61.52536300699823
mpi-esm1-2-hr,2021-2040_ssp585,1.5283027574212975,64.32166070701234
mpi-esm1-2-hr,2041-2060_ssp126,1.656830649489223,61.41394842112305
mpi-esm1-2-hr,2041-2060_ssp370,2.092677030991532,44.342718947234346
mpi-esm1-2-hr,2041-2060_ssp585,2.1396524250416253,53.82196125708036
mpi-esm1-2-hr,2061-2080_ssp126,1.695689895147091,60.08976904012492
mpi-esm1-2-hr,2061-2080_ssp370,2.718961154542893,38.54920878124767
mpi-esm1-2-hr,2061-2080_ssp585,2.950346953824412,43.7917435527087
mpi-esm1-2-hr,2081-2100_ssp126,1.6599956464695365,54.83505709832126
mpi-esm1-2-hr,2081-2100_ssp370,3.4545105505178424,31.71692641422355
mpi-esm1-2-hr,2081-2100_ssp585,3.9907986846486527,29.43199966502472
mri-esm2-0,1851-1870_hist,0.1909476951352631,118.85514567377288
mri-esm2-0,1901-1920_hist,0.2524779717488781,110.87767102525456
mri-esm2-0,1951-1970_hist,0.3826520320932922,109.97976597164627
mri-esm2-0,1995-2014_hist,0.9222489478058092,84.7102597715881
mri-esm2-0,2021-2040_ssp126,1.7263241376269964,48.27682556027575
mri-esm2-0,2021-2040_ssp370,1.7054887108734946,58.32231715143911
mri-esm2-0,2021-2040_ssp585,1.9117346788457827,51.450225965733054
mri-esm2-0,2041-2060_ssp126,1.996245046811256,50.24018228644002
mri-esm2-0,2041-2060_ssp370,2.404955505633247,40.37186294305404
mri-esm2-0,2041-2060_ssp585,2.687006726396547,29.034103683287967
mri-esm2-0,2061-2080_ssp126,2.0912659163195166,48.9721161075354
mri-esm2-0,2061-2080_ssp370,3.105613246951532,25.334700104831448
mri-esm2-0,2061-2080_ssp585,3.541685753482952,21.562795009854447
mri-esm2-0,2081-2100_ssp126,1.9477879408841847,53.572454914646194
mri-esm2-0,2081-2100_ssp370,3.811452139882864,17.808474651429595
mri-esm2-0,2081-2100_ssp585,4.5943250252311145,9.285897059235054
ukesm1-0-ll,1851-1870_hist,0.373094646035073,103.74358420968784
ukesm1-0-ll,1901-1920_hist,0.3535286605061203,109.58253043160322
ukesm1-0-ll,1951-1970_hist,0.2374210262441569,107.9273802892779
ukesm1-0-ll,1995-2014_hist,1.0587674077643272,81.50623322373157
ukesm1-0-ll,2021-2040_ssp126,2.1761438977250376,44.29580625285462
ukesm1-0-ll,2021-2040_ssp370,2.3233173057330725,45.89481462502105
ukesm1-0-ll,2021-2040_ssp585,2.3197325111266047,40.44909166303957
ukesm1-0-ll,2041-2060_ssp126,2.7398348752990143,28.89992805525205
ukesm1-0-ll,2041-2060_ssp370,3.414119753355767,17.71162455844798
ukesm1-0-ll,2041-2060_ssp585,3.646967337572662,16.331939522374153
ukesm1-0-ll,2061-2080_ssp126,2.951472321285355,25.20441840321967
ukesm1-0-ll,2061-2080_ssp370,4.439976778002009,8.872178409801625
ukesm1-0-ll,2061-2080_ssp585,5.23054329301376,5.855636321763794
ukesm1-0-ll,2081-2100_ssp126,3.038482494458876,22.01230131519448
ukesm1-0-ll,2081-2100_ssp370,5.840495049230714,2.948387615315293
ukesm1-0-ll,2081-2100_ssp585,6.884360785697311,1.0152666862219173
era5,2014-2023,1.2,64.2253094518188
