temp_ch_ipcc,0.05,0.17,0.25,0.5,0.75,0.83,0.95,frac,it,N,final_num_fits,fit_opt,y,source_input,x_col,y_col
-0.1,80.37291692,83.91147601,87.02695775,111.0381375,129.3321483,136.4386139,145.2908846,0.22,2,500,2000,lowess_fit,,/g/data/rd53/wy2165/disequilibrium/GlacierMIP3/GlacierMIP3_add_this_study.csv,temp_ch_ipcc,mass_remaining
-0.05,78.09513496,83.14905789,86.37505103,108.6805848,126.5998023,133.0456467,141.8305755,0.22,2,500,2000,lowess_fit,,/g/data/rd53/wy2165/disequilibrium/GlacierMIP3/GlacierMIP3_add_this_study.csv,temp_ch_ipcc,mass_remaining
0,75.76841915,82.35743802,85.672176,106.3645482,123.8815917,129.6634238,138.1912058,0.22,2,500,2000,lowess_fit,,/g/data/rd53/wy2165/disequilibrium/GlacierMIP3/GlacierMIP3_add_this_study.csv,temp_ch_ipcc,mass_remaining
0.05,73.43469126,81.45621466,84.88316476,104.1052193,121.1916899,126.3607792,134.4921295,0.22,2,500,2000,lowess_fit,,/g/data/rd53/wy2165/disequilibrium/GlacierMIP3/GlacierMIP3_add_this_study.csv,temp_ch_ipcc,mass_remaining
0.1,71.13524714,80.40313089,83.99729782,101.9011008,118.5384932,123.1865954,130.8479925,0.22,2,500,2000,lowess_fit,,/g/data/rd53/wy2165/disequilibrium/GlacierMIP3/GlacierMIP3_add_this_study.csv,temp_ch_ipcc,mass_remaining
0.15,68.90036392,79.19461165,83.024192,99.74048956,115.9262252,120.1588524,127.331632,0.22,2,500,2000,lowess_fit,,/g/data/rd53/wy2165/disequilibrium/GlacierMIP3/GlacierMIP3_add_this_study.csv,temp_ch_ipcc,mass_remaining
0.2,66.74646316,77.85717532,81.98276105,97.60839807,113.3549675,117.2718012,123.9727564,0.22,2,500,2000,lowess_fit,,/g/data/rd53/wy2165/disequilibrium/GlacierMIP3/GlacierMIP3_add_this_study.csv,temp_ch_ipcc,mass_remaining
0.25,64.6698254,76.4261279,80.89261257,95.48923281,110.8224079,114.5070728,120.7677006,0.22,2,500,2000,lowess_fit,,/g/data/rd53/wy2165/disequilibrium/GlacierMIP3/GlacierMIP3_add_this_study.csv,temp_ch_ipcc,mass_remaining
0.3,62.6412194,74.91003163,79.76561748,93.35046429,108.3072374,111.8298172,117.682184,0.22,2,500,2000,lowess_fit,,/g/data/rd53/wy2165/disequilibrium/GlacierMIP3/GlacierMIP3_add_this_study.csv,temp_ch_ipcc,mass_remaining
0.35,60.63340599,73.27662916,78.59978142,91.15007977,105.7744608,109.1981431,114.679344,0.22,2,500,2000,lowess_fit,,/g/data/rd53/wy2165/disequilibrium/GlacierMIP3/GlacierMIP3_add_this_study.csv,temp_ch_ipcc,mass_remaining
0.4,58.67832085,71.53501396,77.399676,88.89463645,103.243243,106.6037051,111.7428119,0.22,2,500,2000,lowess_fit,,/g/data/rd53/wy2165/disequilibrium/GlacierMIP3/GlacierMIP3_add_this_study.csv,temp_ch_ipcc,mass_remaining
0.45,56.82493219,69.72241756,76.17280377,86.61446028,100.7593064,104.0602781,108.8754512,0.22,2,500,2000,lowess_fit,,/g/data/rd53/wy2165/disequilibrium/GlacierMIP3/GlacierMIP3_add_this_study.csv,temp_ch_ipcc,mass_remaining
0.5,55.10912578,67.88991661,74.92584129,84.34121076,98.36283156,101.5916572,106.1021386,0.22,2,500,2000,lowess_fit,,/g/data/rd53/wy2165/disequilibrium/GlacierMIP3/GlacierMIP3_add_this_study.csv,temp_ch_ipcc,mass_remaining
0.55,53.55082095,66.0764282,73.66408536,82.10409137,96.0784946,99.22260795,103.4694553,0.22,2,500,2000,lowess_fit,,/g/data/rd53/wy2165/disequilibrium/GlacierMIP3/GlacierMIP3_add_this_study.csv,temp_ch_ipcc,mass_remaining
0.6,52.16444977,64.30240018,72.3920214,79.92380562,93.91867436,96.97535587,101.0313791,0.22,2,500,2000,lowess_fit,,/g/data/rd53/wy2165/disequilibrium/GlacierMIP3/GlacierMIP3_add_this_study.csv,temp_ch_ipcc,mass_remaining
0.65,50.96075887,62.58018025,71.11448495,77.81368639,91.88946886,94.87066268,98.8444938,0.22,2,500,2000,lowess_fit,,/g/data/rd53/wy2165/disequilibrium/GlacierMIP3/GlacierMIP3_add_this_study.csv,temp_ch_ipcc,mass_remaining
0.7,49.94949652,60.91788318,69.83773696,75.78397349,89.99626386,92.92810105,96.96794005,0.22,2,500,2000,lowess_fit,,/g/data/rd53/wy2165/disequilibrium/GlacierMIP3/GlacierMIP3_add_this_study.csv,temp_ch_ipcc,mass_remaining
0.75,49.13924619,59.32567916,68.57038755,73.84570724,88.24492461,91.1648572,95.45521605,0.22,2,500,2000,lowess_fit,,/g/data/rd53/wy2165/disequilibrium/GlacierMIP3/GlacierMIP3_add_this_study.csv,temp_ch_ipcc,mass_remaining
0.8,48.52574988,57.82084557,67.3238404,72.01363265,86.63316929,89.59208018,94.34207494,0.22,2,500,2000,lowess_fit,,/g/data/rd53/wy2165/disequilibrium/GlacierMIP3/GlacierMIP3_add_this_study.csv,temp_ch_ipcc,mass_remaining
0.85,48.09449931,56.42465031,66.10620185,70.3138418,85.16249447,88.2036772,93.61348456,0.22,2,500,2000,lowess_fit,,/g/data/rd53/wy2165/disequilibrium/GlacierMIP3/GlacierMIP3_add_this_study.csv,temp_ch_ipcc,mass_remaining
0.9,47.81192839,55.13063169,64.90858029,68.77958104,83.82271716,86.95547337,93.15716378,0.22,2,500,2000,lowess_fit,,/g/data/rd53/wy2165/disequilibrium/GlacierMIP3/GlacierMIP3_add_this_study.csv,temp_ch_ipcc,mass_remaining
0.95,47.55968701,53.87842326,63.74925716,67.43026851,82.51329611,85.75915075,92.76497156,0.22,2,500,2000,lowess_fit,,/g/data/rd53/wy2165/disequilibrium/GlacierMIP3/GlacierMIP3_add_this_study.csv,temp_ch_ipcc,mass_remaining
1,47.08336965,52.59280249,62.73235775,66.25303018,80.93282427,84.55017634,92.24801957,0.22,2,500,2000,lowess_fit,,/g/data/rd53/wy2165/disequilibrium/GlacierMIP3/GlacierMIP3_add_this_study.csv,temp_ch_ipcc,mass_remaining
1.05,46.24149007,51.27228915,61.83845899,65.17847957,78.99017632,83.36989792,91.55443342,0.22,2,500,2000,lowess_fit,,/g/data/rd53/wy2165/disequilibrium/GlacierMIP3/GlacierMIP3_add_this_study.csv,temp_ch_ipcc,mass_remaining
1.1,45.1875128,49.93019671,60.96186016,64.16412276,76.85579496,82.34085365,90.92838749,0.22,2,500,2000,lowess_fit,,/g/data/rd53/wy2165/disequilibrium/GlacierMIP3/GlacierMIP3_add_this_study.csv,temp_ch_ipcc,mass_remaining
1.15,44.02784283,48.56931698,60.09393016,63.1975456,74.6463579,81.33638262,90.52183344,0.22,2,500,2000,lowess_fit,,/g/data/rd53/wy2165/disequilibrium/GlacierMIP3/GlacierMIP3_add_this_study.csv,temp_ch_ipcc,mass_remaining
1.2,42.70300517,47.14836017,59.22887512,62.27078411,72.42515739,80.19813454,90.26919788,0.22,2,500,2000,lowess_fit,,/g/data/rd53/wy2165/disequilibrium/GlacierMIP3/GlacierMIP3_add_this_study.csv,temp_ch_ipcc,mass_remaining
1.25,41.19265824,45.64139425,58.26643823,61.35761139,70.25354523,79.00436692,90.03146416,0.22,2,500,2000,lowess_fit,,/g/data/rd53/wy2165/disequilibrium/GlacierMIP3/GlacierMIP3_add_this_study.csv,temp_ch_ipcc,mass_remaining
1.3,39.51929926,44.04070601,57.087467,60.4117548,68.17904387,77.82127508,89.68715483,0.22,2,500,2000,lowess_fit,,/g/data/rd53/wy2165/disequilibrium/GlacierMIP3/GlacierMIP3_add_this_study.csv,temp_ch_ipcc,mass_remaining
1.35,37.68873191,42.33865362,55.62471099,59.37513019,66.25341306,76.67677847,89.13941451,0.22,2,500,2000,lowess_fit,,/g/data/rd53/wy2165/disequilibrium/GlacierMIP3/GlacierMIP3_add_this_study.csv,temp_ch_ipcc,mass_remaining
1.4,35.75053198,40.56363955,53.81115152,58.20578639,64.51531736,75.56782392,88.3494315,0.22,2,500,2000,lowess_fit,,/g/data/rd53/wy2165/disequilibrium/GlacierMIP3/GlacierMIP3_add_this_study.csv,temp_ch_ipcc,mass_remaining
1.45,33.79098924,38.7775895,51.56017864,56.89685892,63.01503044,74.352551,87.21154149,0.22,2,500,2000,lowess_fit,,/g/data/rd53/wy2165/disequilibrium/GlacierMIP3/GlacierMIP3_add_this_study.csv,temp_ch_ipcc,mass_remaining
1.5,31.91874058,37.06042098,48.85002461,55.4705837,61.83534721,72.84843987,85.62238368,0.22,2,500,2000,lowess_fit,,/g/data/rd53/wy2165/disequilibrium/GlacierMIP3/GlacierMIP3_add_this_study.csv,temp_ch_ipcc,mass_remaining
1.55,30.17897849,35.44876755,45.69156797,53.98291559,60.98545649,70.84478973,83.55730283,0.22,2,500,2000,lowess_fit,,/g/data/rd53/wy2165/disequilibrium/GlacierMIP3/GlacierMIP3_add_this_study.csv,temp_ch_ipcc,mass_remaining
1.6,28.66670985,33.98939979,42.43995208,52.48334368,60.43246572,68.41090014,81.34914085,0.22,2,500,2000,lowess_fit,,/g/data/rd53/wy2165/disequilibrium/GlacierMIP3/GlacierMIP3_add_this_study.csv,temp_ch_ipcc,mass_remaining
1.65,27.45981204,32.72742486,39.65574906,50.99024043,59.99726382,65.96356466,79.44358715,0.22,2,500,2000,lowess_fit,,/g/data/rd53/wy2165/disequilibrium/GlacierMIP3/GlacierMIP3_add_this_study.csv,temp_ch_ipcc,mass_remaining
1.7,26.51066753,31.52706287,37.64598355,49.40411901,59.37305472,63.76421174,77.78403553,0.22,2,500,2000,lowess_fit,,/g/data/rd53/wy2165/disequilibrium/GlacierMIP3/GlacierMIP3_add_this_study.csv,temp_ch_ipcc,mass_remaining
1.75,25.7020469,30.09950562,36.24037294,47.40390718,58.31007511,61.54969441,75.4801407,0.22,2,500,2000,lowess_fit,,/g/data/rd53/wy2165/disequilibrium/GlacierMIP3/GlacierMIP3_add_this_study.csv,temp_ch_ipcc,mass_remaining
1.8,25.07563701,28.68819272,35.26329452,45.32735249,57.06488308,59.4447283,72.68411738,0.22,2,500,2000,lowess_fit,,/g/data/rd53/wy2165/disequilibrium/GlacierMIP3/GlacierMIP3_add_this_study.csv,temp_ch_ipcc,mass_remaining
1.85,24.54814597,27.53441176,34.59441485,43.58703824,55.89208338,57.68744953,70.08597126,0.22,2,500,2000,lowess_fit,,/g/data/rd53/wy2165/disequilibrium/GlacierMIP3/GlacierMIP3_add_this_study.csv,temp_ch_ipcc,mass_remaining
1.9,23.95900224,26.65177164,34.02243285,42.26368952,54.80954947,56.2978187,67.7960347,0.22,2,500,2000,lowess_fit,,/g/data/rd53/wy2165/disequilibrium/GlacierMIP3/GlacierMIP3_add_this_study.csv,temp_ch_ipcc,mass_remaining
1.95,23.2118399,25.99507114,33.28037494,41.33564708,53.77104046,55.27448954,65.62357141,0.22,2,500,2000,lowess_fit,,/g/data/rd53/wy2165/disequilibrium/GlacierMIP3/GlacierMIP3_add_this_study.csv,temp_ch_ipcc,mass_remaining
2,22.35316259,25.57083325,32.22170614,40.81766365,52.77605085,54.63009132,63.66624371,0.22,2,500,2000,lowess_fit,,/g/data/rd53/wy2165/disequilibrium/GlacierMIP3/GlacierMIP3_add_this_study.csv,temp_ch_ipcc,mass_remaining
2.05,21.54563394,25.38100174,31.03438092,40.66194758,51.90023274,54.14303837,62.50526763,0.22,2,500,2000,lowess_fit,,/g/data/rd53/wy2165/disequilibrium/GlacierMIP3/GlacierMIP3_add_this_study.csv,temp_ch_ipcc,mass_remaining
2.1,20.70294765,25.27713015,29.85718469,40.64448217,51.11912161,53.75593986,62.06026914,0.22,2,500,2000,lowess_fit,,/g/data/rd53/wy2165/disequilibrium/GlacierMIP3/GlacierMIP3_add_this_study.csv,temp_ch_ipcc,mass_remaining
2.15,19.76468772,25.14419511,28.65728308,40.48139242,50.22467064,53.44088428,61.8107334,0.22,2,500,2000,lowess_fit,,/g/data/rd53/wy2165/disequilibrium/GlacierMIP3/GlacierMIP3_add_this_study.csv,temp_ch_ipcc,mass_remaining
2.2,18.81590294,24.84240097,27.45967563,39.87476475,49.13190186,53.07500025,61.39426662,0.22,2,500,2000,lowess_fit,,/g/data/rd53/wy2165/disequilibrium/GlacierMIP3/GlacierMIP3_add_this_study.csv,temp_ch_ipcc,mass_remaining
2.25,17.89141913,24.38769839,26.26726265,38.89385616,47.91450965,52.63239704,60.68978082,0.22,2,500,2000,lowess_fit,,/g/data/rd53/wy2165/disequilibrium/GlacierMIP3/GlacierMIP3_add_this_study.csv,temp_ch_ipcc,mass_remaining
2.3,17.04128705,23.83554377,25.12509606,37.7272699,46.65042517,52.10489679,59.8052099,0.22,2,500,2000,lowess_fit,,/g/data/rd53/wy2165/disequilibrium/GlacierMIP3/GlacierMIP3_add_this_study.csv,temp_ch_ipcc,mass_remaining
2.35,16.29494262,23.22472436,24.0892487,36.54501309,45.41560704,51.45187691,58.84864789,0.22,2,500,2000,lowess_fit,,/g/data/rd53/wy2165/disequilibrium/GlacierMIP3/GlacierMIP3_add_this_study.csv,temp_ch_ipcc,mass_remaining
2.4,15.62903114,22.57237135,23.19168004,35.43609257,44.22652219,50.64331556,57.87220727,0.22,2,500,2000,lowess_fit,,/g/data/rd53/wy2165/disequilibrium/GlacierMIP3/GlacierMIP3_add_this_study.csv,temp_ch_ipcc,mass_remaining
2.45,15.02233672,21.89005151,22.42527886,34.4139551,43.05816705,49.69940764,56.90289359,0.22,2,500,2000,lowess_fit,,/g/data/rd53/wy2165/disequilibrium/GlacierMIP3/GlacierMIP3_add_this_study.csv,temp_ch_ipcc,mass_remaining
2.5,14.47083413,21.1871422,21.75286936,33.45936667,41.92590513,48.65075419,55.93719303,0.22,2,500,2000,lowess_fit,,/g/data/rd53/wy2165/disequilibrium/GlacierMIP3/GlacierMIP3_add_this_study.csv,temp_ch_ipcc,mass_remaining
2.55,13.97255803,20.47718445,21.15413605,32.56568472,40.85760149,47.5133604,54.99232899,0.22,2,500,2000,lowess_fit,,/g/data/rd53/wy2165/disequilibrium/GlacierMIP3/GlacierMIP3_add_this_study.csv,temp_ch_ipcc,mass_remaining
2.6,13.51932203,19.77386119,20.61746262,31.74127854,39.87243322,46.31067533,54.10673889,0.22,2,500,2000,lowess_fit,,/g/data/rd53/wy2165/disequilibrium/GlacierMIP3/GlacierMIP3_add_this_study.csv,temp_ch_ipcc,mass_remaining
2.65,13.10140714,19.0953419,20.14015094,31.00399621,38.9842657,45.08495411,53.31663317,0.22,2,500,2000,lowess_fit,,/g/data/rd53/wy2165/disequilibrium/GlacierMIP3/GlacierMIP3_add_this_study.csv,temp_ch_ipcc,mass_remaining
2.7,12.71661743,18.46503435,19.72189484,30.37356184,38.18230021,43.8763524,52.59328211,0.22,2,500,2000,lowess_fit,,/g/data/rd53/wy2165/disequilibrium/GlacierMIP3/GlacierMIP3_add_this_study.csv,temp_ch_ipcc,mass_remaining
2.75,12.35082075,17.89784588,19.34623114,29.85506949,37.45037629,42.71010746,51.88910597,0.22,2,500,2000,lowess_fit,,/g/data/rd53/wy2165/disequilibrium/GlacierMIP3/GlacierMIP3_add_this_study.csv,temp_ch_ipcc,mass_remaining
2.8,11.98232031,17.40047774,18.97872821,29.42156122,36.76720969,41.60200262,51.20578989,0.22,2,500,2000,lowess_fit,,/g/data/rd53/wy2165/disequilibrium/GlacierMIP3/GlacierMIP3_add_this_study.csv,temp_ch_ipcc,mass_remaining
2.85,11.59045609,16.95848146,18.60341507,28.99721672,36.09288516,40.54839918,50.56482394,0.22,2,500,2000,lowess_fit,,/g/data/rd53/wy2165/disequilibrium/GlacierMIP3/GlacierMIP3_add_this_study.csv,temp_ch_ipcc,mass_remaining
2.9,11.17270718,16.5361997,18.21958356,28.51402456,35.41400548,39.52141576,49.96642507,0.22,2,500,2000,lowess_fit,,/g/data/rd53/wy2165/disequilibrium/GlacierMIP3/GlacierMIP3_add_this_study.csv,temp_ch_ipcc,mass_remaining
2.95,10.74227507,16.11070394,17.83279476,27.96612177,34.74545039,38.5185008,49.39302121,0.22,2,500,2000,lowess_fit,,/g/data/rd53/wy2165/disequilibrium/GlacierMIP3/GlacierMIP3_add_this_study.csv,temp_ch_ipcc,mass_remaining
3,10.32271276,15.67565708,17.44780416,27.37304137,34.1003926,37.54216763,48.8178083,0.22,2,500,2000,lowess_fit,,/g/data/rd53/wy2165/disequilibrium/GlacierMIP3/GlacierMIP3_add_this_study.csv,temp_ch_ipcc,mass_remaining
3.05,9.934484969,15.2282665,17.06622147,26.76217492,33.47153714,36.60040444,48.22530653,0.22,2,500,2000,lowess_fit,,/g/data/rd53/wy2165/disequilibrium/GlacierMIP3/GlacierMIP3_add_this_study.csv,temp_ch_ipcc,mass_remaining
3.1,9.578366889,14.7687322,16.69450369,26.16047621,32.8660481,35.70575913,47.59615315,0.22,2,500,2000,lowess_fit,,/g/data/rd53/wy2165/disequilibrium/GlacierMIP3/GlacierMIP3_add_this_study.csv,temp_ch_ipcc,mass_remaining
3.15,9.248508752,14.29741221,16.33748718,25.58866533,32.29247027,34.8656103,46.90435481,0.22,2,500,2000,lowess_fit,,/g/data/rd53/wy2165/disequilibrium/GlacierMIP3/GlacierMIP3_add_this_study.csv,temp_ch_ipcc,mass_remaining
3.2,8.936941384,13.81977863,15.99785715,25.05936911,31.75543186,34.08690403,46.14573597,0.22,2,500,2000,lowess_fit,,/g/data/rd53/wy2165/disequilibrium/GlacierMIP3/GlacierMIP3_add_this_study.csv,temp_ch_ipcc,mass_remaining
3.25,8.645003483,13.3439256,15.67353701,24.5780501,31.25258124,33.37088179,45.33887108,0.22,2,500,2000,lowess_fit,,/g/data/rd53/wy2165/disequilibrium/GlacierMIP3/GlacierMIP3_add_this_study.csv,temp_ch_ipcc,mass_remaining
3.3,8.37552964,12.87494038,15.36542739,24.1463089,30.77336776,32.71217895,44.50803892,0.22,2,500,2000,lowess_fit,,/g/data/rd53/wy2165/disequilibrium/GlacierMIP3/GlacierMIP3_add_this_study.csv,temp_ch_ipcc,mass_remaining
3.35,8.128218161,12.41603557,15.07228386,23.7610017,30.30406995,32.10096195,43.68148164,0.22,2,500,2000,lowess_fit,,/g/data/rd53/wy2165/disequilibrium/GlacierMIP3/GlacierMIP3_add_this_study.csv,temp_ch_ipcc,mass_remaining
3.4,7.898343672,11.97335252,14.79014975,23.41089049,29.83217855,31.52636249,42.88327697,0.22,2,500,2000,lowess_fit,,/g/data/rd53/wy2165/disequilibrium/GlacierMIP3/GlacierMIP3_add_this_study.csv,temp_ch_ipcc,mass_remaining
3.45,7.683334483,11.5549145,14.51707381,23.0771163,29.35385496,30.97942259,42.12329464,0.22,2,500,2000,lowess_fit,,/g/data/rd53/wy2165/disequilibrium/GlacierMIP3/GlacierMIP3_add_this_study.csv,temp_ch_ipcc,mass_remaining
3.5,7.480987669,11.16640481,14.25013052,22.74128002,28.86685027,30.45510925,41.40850455,0.22,2,500,2000,lowess_fit,,/g/data/rd53/wy2165/disequilibrium/GlacierMIP3/GlacierMIP3_add_this_study.csv,temp_ch_ipcc,mass_remaining
3.55,7.291427991,10.80818621,13.98508655,22.39351096,28.37179857,29.9507816,40.73129893,0.22,2,500,2000,lowess_fit,,/g/data/rd53/wy2165/disequilibrium/GlacierMIP3/GlacierMIP3_add_this_study.csv,temp_ch_ipcc,mass_remaining
3.6,7.115319562,10.47542918,13.71633079,22.03303722,27.88091725,29.46603056,40.05905459,0.22,2,500,2000,lowess_fit,,/g/data/rd53/wy2165/disequilibrium/GlacierMIP3/GlacierMIP3_add_this_study.csv,temp_ch_ipcc,mass_remaining
3.65,6.95177149,10.1667983,13.44075356,21.65905346,27.39603468,29.00389655,39.37792064,0.22,2,500,2000,lowess_fit,,/g/data/rd53/wy2165/disequilibrium/GlacierMIP3/GlacierMIP3_add_this_study.csv,temp_ch_ipcc,mass_remaining
3.7,6.798417219,9.880663484,13.1534688,21.2690958,26.91345917,28.56140348,38.68492631,0.22,2,500,2000,lowess_fit,,/g/data/rd53/wy2165/disequilibrium/GlacierMIP3/GlacierMIP3_add_this_study.csv,temp_ch_ipcc,mass_remaining
3.75,6.648993671,9.611659121,12.84503736,20.85758322,26.42178497,28.13045134,37.97299374,0.22,2,500,2000,lowess_fit,,/g/data/rd53/wy2165/disequilibrium/GlacierMIP3/GlacierMIP3_add_this_study.csv,temp_ch_ipcc,mass_remaining
3.8,6.497093714,9.354039804,12.51083215,20.42109431,25.91088503,27.70255982,37.24365082,0.22,2,500,2000,lowess_fit,,/g/data/rd53/wy2165/disequilibrium/GlacierMIP3/GlacierMIP3_add_this_study.csv,temp_ch_ipcc,mass_remaining
3.85,6.341796111,9.101315788,12.15318511,19.95960786,25.37777025,27.27044567,36.50181477,0.22,2,500,2000,lowess_fit,,/g/data/rd53/wy2165/disequilibrium/GlacierMIP3/GlacierMIP3_add_this_study.csv,temp_ch_ipcc,mass_remaining
3.9,6.183604454,8.849514365,11.7785208,19.47748354,24.82396134,26.82764483,35.7607859,0.22,2,500,2000,lowess_fit,,/g/data/rd53/wy2165/disequilibrium/GlacierMIP3/GlacierMIP3_add_this_study.csv,temp_ch_ipcc,mass_remaining
3.95,6.023048586,8.596246747,11.39471331,18.98220284,24.25414764,26.36752012,35.03014463,0.22,2,500,2000,lowess_fit,,/g/data/rd53/wy2165/disequilibrium/GlacierMIP3/GlacierMIP3_add_this_study.csv,temp_ch_ipcc,mass_remaining
4,5.861969306,8.340138154,11.00749059,18.48185702,23.67398951,25.89090367,34.30640961,0.22,2,500,2000,lowess_fit,,/g/data/rd53/wy2165/disequilibrium/GlacierMIP3/GlacierMIP3_add_this_study.csv,temp_ch_ipcc,mass_remaining
4.05,5.70239824,8.08254508,10.62039003,17.98219781,23.08978828,25.40214951,33.58132399,0.22,2,500,2000,lowess_fit,,/g/data/rd53/wy2165/disequilibrium/GlacierMIP3/GlacierMIP3_add_this_study.csv,temp_ch_ipcc,mass_remaining
4.1,5.544701642,7.825551175,10.23820907,17.48763751,22.50851034,24.90432883,32.85915965,0.22,2,500,2000,lowess_fit,,/g/data/rd53/wy2165/disequilibrium/GlacierMIP3/GlacierMIP3_add_this_study.csv,temp_ch_ipcc,mass_remaining
4.15,5.388794035,7.570778823,9.864906477,17.00108819,21.93550511,24.40161341,32.14553966,0.22,2,500,2000,lowess_fit,,/g/data/rd53/wy2165/disequilibrium/GlacierMIP3/GlacierMIP3_add_this_study.csv,temp_ch_ipcc,mass_remaining
4.2,5.234595537,7.32006067,9.503205523,16.52422474,21.37348278,23.8992384,31.44478863,0.22,2,500,2000,lowess_fit,,/g/data/rd53/wy2165/disequilibrium/GlacierMIP3/GlacierMIP3_add_this_study.csv,temp_ch_ipcc,mass_remaining
4.25,5.083274668,7.075797025,9.154185131,16.05870275,20.82490174,23.40052837,30.7594063,0.22,2,500,2000,lowess_fit,,/g/data/rd53/wy2165/disequilibrium/GlacierMIP3/GlacierMIP3_add_this_study.csv,temp_ch_ipcc,mass_remaining
4.3,4.936336241,6.840874756,8.819426737,15.60597291,20.29277034,22.90823039,30.09185656,0.22,2,500,2000,lowess_fit,,/g/data/rd53/wy2165/disequilibrium/GlacierMIP3/GlacierMIP3_add_this_study.csv,temp_ch_ipcc,mass_remaining
4.35,4.794605648,6.61810098,8.500726457,15.16685122,19.78007875,22.42452776,29.44666142,0.22,2,500,2000,lowess_fit,,/g/data/rd53/wy2165/disequilibrium/GlacierMIP3/GlacierMIP3_add_this_study.csv,temp_ch_ipcc,mass_remaining
4.4,4.659352969,6.408885408,8.199455973,14.74275598,19.2891908,21.95137255,28.82609163,0.22,2,500,2000,lowess_fit,,/g/data/rd53/wy2165/disequilibrium/GlacierMIP3/GlacierMIP3_add_this_study.csv,temp_ch_ipcc,mass_remaining
4.45,4.530899185,6.213189422,7.91615179,14.33455731,18.82114638,21.4902141,28.22800539,0.22,2,500,2000,lowess_fit,,/g/data/rd53/wy2165/disequilibrium/GlacierMIP3/GlacierMIP3_add_this_study.csv,temp_ch_ipcc,mass_remaining
4.5,4.408566844,6.029599828,7.650076725,13.94236149,18.37556523,21.04256216,27.64601926,0.22,2,500,2000,lowess_fit,,/g/data/rd53/wy2165/disequilibrium/GlacierMIP3/GlacierMIP3_add_this_study.csv,temp_ch_ipcc,mass_remaining
4.55,4.292171243,5.855919565,7.400569111,13.56625028,17.9515797,20.6103771,27.0756497,0.22,2,500,2000,lowess_fit,,/g/data/rd53/wy2165/disequilibrium/GlacierMIP3/GlacierMIP3_add_this_study.csv,temp_ch_ipcc,mass_remaining
4.6,4.181034792,5.690433038,7.166095194,13.20579036,17.54705248,20.19438513,26.51425341,0.22,2,500,2000,lowess_fit,,/g/data/rd53/wy2165/disequilibrium/GlacierMIP3/GlacierMIP3_add_this_study.csv,temp_ch_ipcc,mass_remaining
4.65,4.074197459,5.53174733,6.944332342,12.85948373,17.15981856,19.79371594,25.95935911,0.22,2,500,2000,lowess_fit,,/g/data/rd53/wy2165/disequilibrium/GlacierMIP3/GlacierMIP3_add_this_study.csv,temp_ch_ipcc,mass_remaining
4.7,3.970860655,5.379161972,6.733485581,12.52630401,16.78757535,19.40664732,25.4094936,0.22,2,500,2000,lowess_fit,,/g/data/rd53/wy2165/disequilibrium/GlacierMIP3/GlacierMIP3_add_this_study.csv,temp_ch_ipcc,mass_remaining
4.75,3.870464449,5.232059503,6.532875856,12.20518421,16.42848977,19.03160092,24.86324392,0.22,2,500,2000,lowess_fit,,/g/data/rd53/wy2165/disequilibrium/GlacierMIP3/GlacierMIP3_add_this_study.csv,temp_ch_ipcc,mass_remaining
4.8,3.772752084,5.089931789,6.341976069,11.8946586,16.08078597,18.66713317,24.32209945,0.22,2,500,2000,lowess_fit,,/g/data/rd53/wy2165/disequilibrium/GlacierMIP3/GlacierMIP3_add_this_study.csv,temp_ch_ipcc,mass_remaining
4.85,3.677509383,4.952488438,6.159808191,11.5936392,15.74263796,18.31152829,23.79085401,0.22,2,500,2000,lowess_fit,,/g/data/rd53/wy2165/disequilibrium/GlacierMIP3/GlacierMIP3_add_this_study.csv,temp_ch_ipcc,mass_remaining
4.9,3.584380785,4.819743315,5.985373653,11.30141061,15.41309483,17.96272014,23.27494017,0.22,2,500,2000,lowess_fit,,/g/data/rd53/wy2165/disequilibrium/GlacierMIP3/GlacierMIP3_add_this_study.csv,temp_ch_ipcc,mass_remaining
4.95,3.492944135,4.691841042,5.817952558,11.01732579,15.09186755,17.61891028,22.77900547,0.22,2,500,2000,lowess_fit,,/g/data/rd53/wy2165/disequilibrium/GlacierMIP3/GlacierMIP3_add_this_study.csv,temp_ch_ipcc,mass_remaining
5,3.402864357,4.568835127,5.657062219,10.74071218,14.77888058,17.27933966,22.30549276,0.22,2,500,2000,lowess_fit,,/g/data/rd53/wy2165/disequilibrium/GlacierMIP3/GlacierMIP3_add_this_study.csv,temp_ch_ipcc,mass_remaining
5.05,3.313811689,4.450491274,5.502033962,10.470828,14.47411312,16.94416381,21.85327351,0.22,2,500,2000,lowess_fit,,/g/data/rd53/wy2165/disequilibrium/GlacierMIP3/GlacierMIP3_add_this_study.csv,temp_ch_ipcc,mass_remaining
5.1,3.225615298,4.336366364,5.35235271,10.20697745,14.17785806,16.61319565,21.42214899,0.22,2,500,2000,lowess_fit,,/g/data/rd53/wy2165/disequilibrium/GlacierMIP3/GlacierMIP3_add_this_study.csv,temp_ch_ipcc,mass_remaining
5.15,3.138367502,4.226144975,5.207725649,9.948472849,13.89030892,16.28602047,21.01424847,0.22,2,500,2000,lowess_fit,,/g/data/rd53/wy2165/disequilibrium/GlacierMIP3/GlacierMIP3_add_this_study.csv,temp_ch_ipcc,mass_remaining
5.2,3.052225182,4.119587502,5.067847395,9.694823583,13.61128473,15.96213859,20.6306803,0.22,2,500,2000,lowess_fit,,/g/data/rd53/wy2165/disequilibrium/GlacierMIP3/GlacierMIP3_add_this_study.csv,temp_ch_ipcc,mass_remaining
5.25,2.967315569,4.016483492,4.932334495,9.445650872,13.34070931,15.64055845,20.27004531,0.22,2,500,2000,lowess_fit,,/g/data/rd53/wy2165/disequilibrium/GlacierMIP3/GlacierMIP3_add_this_study.csv,temp_ch_ipcc,mass_remaining
5.3,2.883762197,3.91669209,4.800940882,9.200721912,13.07883817,15.32049189,19.92944031,0.22,2,500,2000,lowess_fit,,/g/data/rd53/wy2165/disequilibrium/GlacierMIP3/GlacierMIP3_add_this_study.csv,temp_ch_ipcc,mass_remaining
5.35,2.801624273,3.82003616,4.673678819,8.959849219,12.82573311,15.0014863,19.6030684,0.22,2,500,2000,lowess_fit,,/g/data/rd53/wy2165/disequilibrium/GlacierMIP3/GlacierMIP3_add_this_study.csv,temp_ch_ipcc,mass_remaining
5.4,2.721058731,3.726261317,4.550265403,8.722368252,12.5813034,14.68290223,19.28721746,0.22,2,500,2000,lowess_fit,,/g/data/rd53/wy2165/disequilibrium/GlacierMIP3/GlacierMIP3_add_this_study.csv,temp_ch_ipcc,mass_remaining
5.45,2.642298725,3.635050874,4.430042293,8.48717658,12.34466464,14.36396109,18.97859104,0.22,2,500,2000,lowess_fit,,/g/data/rd53/wy2165/disequilibrium/GlacierMIP3/GlacierMIP3_add_this_study.csv,temp_ch_ipcc,mass_remaining
5.5,2.565580756,3.545981209,4.312081288,8.252975173,12.1136961,14.04385695,18.67288728,0.22,2,500,2000,lowess_fit,,/g/data/rd53/wy2165/disequilibrium/GlacierMIP3/GlacierMIP3_add_this_study.csv,temp_ch_ipcc,mass_remaining
5.55,2.491024584,3.458521468,4.195329656,8.018631555,11.88510274,13.72263505,18.36587282,0.22,2,500,2000,lowess_fit,,/g/data/rd53/wy2165/disequilibrium/GlacierMIP3/GlacierMIP3_add_this_study.csv,temp_ch_ipcc,mass_remaining
5.6,2.4185971,3.372079071,4.078897757,7.783285629,11.65640497,13.40089282,18.05615749,0.22,2,500,2000,lowess_fit,,/g/data/rd53/wy2165/disequilibrium/GlacierMIP3/GlacierMIP3_add_this_study.csv,temp_ch_ipcc,mass_remaining
5.65,2.34819017,3.286190176,3.962147213,7.546672952,11.42673266,13.07967644,17.74382392,0.22,2,500,2000,lowess_fit,,/g/data/rd53/wy2165/disequilibrium/GlacierMIP3/GlacierMIP3_add_this_study.csv,temp_ch_ipcc,mass_remaining
5.7,2.279661569,3.200562637,3.844602356,7.309208327,11.19594571,12.75995012,17.42946985,0.22,2,500,2000,lowess_fit,,/g/data/rd53/wy2165/disequilibrium/GlacierMIP3/GlacierMIP3_add_this_study.csv,temp_ch_ipcc,mass_remaining
5.75,2.212728108,3.11503684,3.726306582,7.071690998,10.96452965,12.44284712,17.11417149,0.22,2,500,2000,lowess_fit,,/g/data/rd53/wy2165/disequilibrium/GlacierMIP3/GlacierMIP3_add_this_study.csv,temp_ch_ipcc,mass_remaining
5.8,2.147189636,3.029694488,3.607663469,6.835008414,10.73362973,12.12890263,16.79973302,0.22,2,500,2000,lowess_fit,,/g/data/rd53/wy2165/disequilibrium/GlacierMIP3/GlacierMIP3_add_this_study.csv,temp_ch_ipcc,mass_remaining
5.85,2.082942434,2.944727654,3.489304834,6.599855199,10.50478958,11.81787932,16.48833579,0.22,2,500,2000,lowess_fit,,/g/data/rd53/wy2165/disequilibrium/GlacierMIP3/GlacierMIP3_add_this_study.csv,temp_ch_ipcc,mass_remaining
5.9,2.019883649,2.860225558,3.37182405,6.36656831,10.2793402,11.50940962,16.18200796,0.22,2,500,2000,lowess_fit,,/g/data/rd53/wy2165/disequilibrium/GlacierMIP3/GlacierMIP3_add_this_study.csv,temp_ch_ipcc,mass_remaining
5.95,1.95793058,2.776053706,3.25549887,6.13523356,10.05728473,11.20235333,15.88193605,0.22,2,500,2000,lowess_fit,,/g/data/rd53/wy2165/disequilibrium/GlacierMIP3/GlacierMIP3_add_this_study.csv,temp_ch_ipcc,mass_remaining
6,1.896980952,2.692120071,3.140508547,5.90599518,9.838163884,10.89617493,15.58944397,0.22,2,500,2000,lowess_fit,,/g/data/rd53/wy2165/disequilibrium/GlacierMIP3/GlacierMIP3_add_this_study.csv,temp_ch_ipcc,mass_remaining
6.05,1.83688946,2.60842767,3.02676373,5.678817373,9.621515304,10.59041814,15.30557971,0.22,2,500,2000,lowess_fit,,/g/data/rd53/wy2165/disequilibrium/GlacierMIP3/GlacierMIP3_add_this_study.csv,temp_ch_ipcc,mass_remaining
6.1,1.777458893,2.525009251,2.914146962,5.45351934,9.407085965,10.28462293,15.03057831,0.22,2,500,2000,lowess_fit,,/g/data/rd53/wy2165/disequilibrium/GlacierMIP3/GlacierMIP3_add_this_study.csv,temp_ch_ipcc,mass_remaining
6.15,1.718529139,2.441921837,2.802546708,5.229834789,9.194461681,9.978615497,14.76348839,0.22,2,500,2000,lowess_fit,,/g/data/rd53/wy2165/disequilibrium/GlacierMIP3/GlacierMIP3_add_this_study.csv,temp_ch_ipcc,mass_remaining
6.2,1.659978501,2.359231955,2.691840045,5.007384237,8.983565609,9.672331683,14.50169622,0.22,2,500,2000,lowess_fit,,/g/data/rd53/wy2165/disequilibrium/GlacierMIP3/GlacierMIP3_add_this_study.csv,temp_ch_ipcc,mass_remaining
6.25,1.601714303,2.276977662,2.581872103,4.78564937,8.774466215,9.365829042,14.24246584,0.22,2,500,2000,lowess_fit,,/g/data/rd53/wy2165/disequilibrium/GlacierMIP3/GlacierMIP3_add_this_study.csv,temp_ch_ipcc,mass_remaining
6.3,1.543666871,2.195134018,2.472438907,4.56409146,8.567444376,9.059291082,13.98321256,0.22,2,500,2000,lowess_fit,,/g/data/rd53/wy2165/disequilibrium/GlacierMIP3/GlacierMIP3_add_this_study.csv,temp_ch_ipcc,mass_remaining
6.35,1.48576863,2.113643558,2.363316138,4.342113028,8.362762975,8.752926205,13.72158653,0.22,2,500,2000,lowess_fit,,/g/data/rd53/wy2165/disequilibrium/GlacierMIP3/GlacierMIP3_add_this_study.csv,temp_ch_ipcc,mass_remaining
6.4,1.427965195,2.032386172,2.254279396,4.119274355,8.160606616,8.446988751,13.45671484,0.22,2,500,2000,lowess_fit,,/g/data/rd53/wy2165/disequilibrium/GlacierMIP3/GlacierMIP3_add_this_study.csv,temp_ch_ipcc,mass_remaining
6.45,1.370257894,1.951255441,2.145103749,3.895199385,7.961169397,8.141768888,13.18801243,0.22,2,500,2000,lowess_fit,,/g/data/rd53/wy2165/disequilibrium/GlacierMIP3/GlacierMIP3_add_this_study.csv,temp_ch_ipcc,mass_remaining
6.5,1.312701939,1.870223455,2.03557059,3.669555382,7.764660625,7.837530605,12.91511687,0.22,2,500,2000,lowess_fit,,/g/data/rd53/wy2165/disequilibrium/GlacierMIP3/GlacierMIP3_add_this_study.csv,temp_ch_ipcc,mass_remaining
6.55,1.255396083,1.78926836,1.925486969,3.442209718,7.571290244,7.53441937,12.63793081,0.22,2,500,2000,lowess_fit,,/g/data/rd53/wy2165/disequilibrium/GlacierMIP3/GlacierMIP3_add_this_study.csv,temp_ch_ipcc,mass_remaining
6.6,1.198460187,1.708343306,1.814681027,3.21314782,7.381190688,7.232279323,12.35654524,0.22,2,500,2000,lowess_fit,,/g/data/rd53/wy2165/disequilibrium/GlacierMIP3/GlacierMIP3_add_this_study.csv,temp_ch_ipcc,mass_remaining
6.65,1.142023307,1.627362348,1.703025683,2.982478876,7.194382725,6.930491489,12.07131001,0.22,2,500,2000,lowess_fit,,/g/data/rd53/wy2165/disequilibrium/GlacierMIP3/GlacierMIP3_add_this_study.csv,temp_ch_ipcc,mass_remaining
6.7,1.086199843,1.546202757,1.590460991,2.750462069,7.010710967,6.628339632,11.78286661,0.22,2,500,2000,lowess_fit,,/g/data/rd53/wy2165/disequilibrium/GlacierMIP3/GlacierMIP3_add_this_study.csv,temp_ch_ipcc,mass_remaining
6.75,1.031050754,1.464901111,1.477015371,2.51751279,6.829817289,6.325641205,11.49211465,0.22,2,500,2000,lowess_fit,,/g/data/rd53/wy2165/disequilibrium/GlacierMIP3/GlacierMIP3_add_this_study.csv,temp_ch_ipcc,mass_remaining
6.8,0.976567711,1.383588165,1.362825068,2.284179872,6.65126025,6.022319026,11.20013562,0.22,2,500,2000,lowess_fit,,/g/data/rd53/wy2165/disequilibrium/GlacierMIP3/GlacierMIP3_add_this_study.csv,temp_ch_ipcc,mass_remaining
6.85,0.922739877,1.302398021,1.24809299,2.050975145,6.474273604,5.718366632,10.90788845,0.22,2,500,2000,lowess_fit,,/g/data/rd53/wy2165/disequilibrium/GlacierMIP3/GlacierMIP3_add_this_study.csv,temp_ch_ipcc,mass_remaining