area_class,n_glaciers,rgi_area_km2,vol_2020_m3,experiment,gcm,period_scenario,temp_ch_ipcc,area_steady,volume_steady,mass_remaining
10-100 km2,5955,166830.554,22748767581136.9,0,era5,2014-2023,1.2,103283.9538264542,12185431475309.275,53.56523790507816
10-100 km2,5955,166830.554,22748767581136.9,1,gfdl-esm4,1851-1870_hist,0.231409328,142918.58494901977,18131155146350.812,79.70170287987392
10-100 km2,5955,166830.554,22748767581136.9,2,gfdl-esm4,1901-1920_hist,0.478289046,132074.66129887587,16404499880152.02,72.11159822897177
10-100 km2,5955,166830.554,22748767581136.9,3,gfdl-esm4,1951-1970_hist,0.392281326,137670.96712544924,17326109112277.656,76.16284728604082
10-100 km2,5955,166830.554,22748767581136.9,4,gfdl-esm4,1995-2014_hist,0.901467077,123419.01258252445,15104650791507.402,66.39766632471141
10-100 km2,5955,166830.554,22748767581136.9,5,gfdl-esm4,2021-2040_ssp126,1.493792069,95146.36794985627,10924118202559.107,48.020703379190095
10-100 km2,5955,166830.554,22748767581136.9,6,gfdl-esm4,2041-2060_ssp126,1.678749959,88728.8575311607,10139015044531.225,44.569513528013786
10-100 km2,5955,166830.554,22748767581136.9,7,gfdl-esm4,2061-2080_ssp126,1.730055687,81483.28525164434,9167617734245.033,40.29940391956332
10-100 km2,5955,166830.554,22748767581136.9,8,gfdl-esm4,2081-2100_ssp126,1.684476548,83694.3799817792,9497589864941.1,41.74990944483704
10-100 km2,5955,166830.554,22748767581136.9,9,gfdl-esm4,2021-2040_ssp370,1.488564228,93548.2166797244,10746813978314.209,47.24130192980381
10-100 km2,5955,166830.554,22748767581136.9,10,gfdl-esm4,2041-2060_ssp370,2.049608082,80098.47032023041,8956343168956.129,39.370674200314305
10-100 km2,5955,166830.554,22748767581136.9,11,gfdl-esm4,2061-2080_ssp370,2.814161775,50208.851498288204,5273308744742.572,23.18063484509446
10-100 km2,5955,166830.554,22748767581136.9,12,gfdl-esm4,2081-2100_ssp370,3.532319558,42733.2580686178,4636021593882.637,20.379220884593284
10-100 km2,5955,166830.554,22748767581136.9,13,gfdl-esm4,2021-2040_ssp585,1.529802668,89731.46281052206,10213226330664.633,44.89573465568025
10-100 km2,5955,166830.554,22748767581136.9,14,gfdl-esm4,2041-2060_ssp585,2.18911609,67418.57735594388,7362878113461.532,32.36605274198139
10-100 km2,5955,166830.554,22748767581136.9,15,gfdl-esm4,2061-2080_ssp585,3.048039704,44134.66958576704,4587198832742.994,20.164603714825695
10-100 km2,5955,166830.554,22748767581136.9,16,gfdl-esm4,2081-2100_ssp585,4.001455777,25822.536101761292,2515810067156.3,11.059104886378064
10-100 km2,5955,166830.554,22748767581136.9,17,ipsl-cm6a-lr,1851-1870_hist,-0.131913088,178857.4361589061,24671079135778.492,108.45017888457203
10-100 km2,5955,166830.554,22748767581136.9,18,ipsl-cm6a-lr,1901-1920_hist,-0.143528775,188878.68626521426,26439178164308.406,116.22246378846283
10-100 km2,5955,166830.554,22748767581136.9,19,ipsl-cm6a-lr,1951-1970_hist,0.302892464,153310.66727011817,20221832552540.168,88.89199153499618
10-100 km2,5955,166830.554,22748767581136.9,20,ipsl-cm6a-lr,1995-2014_hist,0.913312833,121877.29924064946,14905341798171.709,65.52153537552998
10-100 km2,5955,166830.554,22748767581136.9,21,ipsl-cm6a-lr,2021-2040_ssp126,1.636714967,91287.36713343924,10455260739077.574,45.959679801498325
10-100 km2,5955,166830.554,22748767581136.9,22,ipsl-cm6a-lr,2041-2060_ssp126,2.049075593,72611.6579361041,8139970315203.921,35.782027690825416
10-100 km2,5955,166830.554,22748767581136.9,23,ipsl-cm6a-lr,2061-2080_ssp126,2.191208244,60737.53682714027,6722538171975.395,29.5512191946155
10-100 km2,5955,166830.554,22748767581136.9,24,ipsl-cm6a-lr,2081-2100_ssp126,2.171220561,55995.415841504946,6034692200606.326,26.52755662073864
10-100 km2,5955,166830.554,22748767581136.9,25,ipsl-cm6a-lr,2021-2040_ssp370,1.678163601,91411.58931287448,10402193356581.066,45.72640394465362
10-100 km2,5955,166830.554,22748767581136.9,26,ipsl-cm6a-lr,2041-2060_ssp370,2.594826972,51976.50660432587,5520546354616.114,24.267452445176453
10-100 km2,5955,166830.554,22748767581136.9,27,ipsl-cm6a-lr,2061-2080_ssp370,3.513114684,37261.96330268764,4022123950557.135,17.680623516028398
10-100 km2,5955,166830.554,22748767581136.9,28,ipsl-cm6a-lr,2081-2100_ssp370,4.677751369,18029.581400416453,1876338648178.7334,8.248089227192153
10-100 km2,5955,166830.554,22748767581136.9,29,ipsl-cm6a-lr,2021-2040_ssp585,1.66491004,89785.67229239077,10253390077696.232,45.07228816297839
10-100 km2,5955,166830.554,22748767581136.9,30,ipsl-cm6a-lr,2041-2060_ssp585,2.84393776,50448.774251775365,5472348635455.341,24.055582861521565
10-100 km2,5955,166830.554,22748767581136.9,31,ipsl-cm6a-lr,2061-2080_ssp585,4.160098437,24157.111332304874,2527929337949.811,11.112379292344391
10-100 km2,5955,166830.554,22748767581136.9,32,ipsl-cm6a-lr,2081-2100_ssp585,5.849305066,10053.328069363892,1034355322384.9772,4.546863115532713
10-100 km2,5955,166830.554,22748767581136.9,33,mpi-esm1-2-hr,1851-1870_hist,0.083373661,159686.43829256305,21034884375608.777,92.46603931656824
10-100 km2,5955,166830.554,22748767581136.9,34,mpi-esm1-2-hr,1901-1920_hist,0.101656085,159528.72606349605,20942304105060.16,92.05907102600739
10-100 km2,5955,166830.554,22748767581136.9,35,mpi-esm1-2-hr,1951-1970_hist,0.353009146,149008.45006312762,19165104148557.94,84.24677987588873
10-100 km2,5955,166830.554,22748767581136.9,36,mpi-esm1-2-hr,1995-2014_hist,0.904939372,122137.48108695947,14952361392302.05,65.72822610707242
10-100 km2,5955,166830.554,22748767581136.9,37,mpi-esm1-2-hr,2021-2040_ssp126,1.469113359,99564.69382071083,11630658403219.635,51.12654284122049
10-100 km2,5955,166830.554,22748767581136.9,38,mpi-esm1-2-hr,2041-2060_ssp126,1.656830929,92436.12990918472,10608387428329.906,46.63280061433437
10-100 km2,5955,166830.554,22748767581136.9,39,mpi-esm1-2-hr,2061-2080_ssp126,1.695689732,90238.13238248776,10334230221355.18,45.42764870446979
10-100 km2,5955,166830.554,22748767581136.9,40,mpi-esm1-2-hr,2081-2100_ssp126,1.659995843,88919.64520529834,10186289647620.49,44.777325238782964
10-100 km2,5955,166830.554,22748767581136.9,41,mpi-esm1-2-hr,2021-2040_ssp370,1.493779364,93475.8040613164,10766069010028.68,47.3259440170984
10-100 km2,5955,166830.554,22748767581136.9,42,mpi-esm1-2-hr,2041-2060_ssp370,2.092677072,67939.0287955739,7353955070077.749,32.32682844839292
10-100 km2,5955,166830.554,22748767581136.9,43,mpi-esm1-2-hr,2061-2080_ssp370,2.718960922,60205.61102238358,6504431926436.31,28.592458484782856
10-100 km2,5955,166830.554,22748767581136.9,44,mpi-esm1-2-hr,2081-2100_ssp370,3.454510652,46585.501367505545,4957620695303.304,21.792919891687337
10-100 km2,5955,166830.554,22748767581136.9,45,mpi-esm1-2-hr,2021-2040_ssp585,1.528303178,100052.49490650561,11692118798463.248,51.396713060439644
10-100 km2,5955,166830.554,22748767581136.9,46,mpi-esm1-2-hr,2041-2060_ssp585,2.139652727,77804.57484049398,8693664674186.482,38.215980901731136
10-100 km2,5955,166830.554,22748767581136.9,47,mpi-esm1-2-hr,2061-2080_ssp585,2.950347,53392.77739073912,5769918148146.635,25.36365158054103
10-100 km2,5955,166830.554,22748767581136.9,48,mpi-esm1-2-hr,2081-2100_ssp585,3.99079854,31406.593926279013,3174137459727.395,13.953008436199266
10-100 km2,5955,166830.554,22748767581136.9,49,mri-esm2-0,1851-1870_hist,0.190948213,175735.0573049953,24363156490963.266,107.09659942706087
10-100 km2,5955,166830.554,22748767581136.9,50,mri-esm2-0,1901-1920_hist,0.252478266,170036.7766866747,23147933415578.965,101.75467015089228
10-100 km2,5955,166830.554,22748767581136.9,51,mri-esm2-0,1951-1970_hist,0.382652065,165038.64597956417,22165925782244.902,97.43791923314878
10-100 km2,5955,166830.554,22748767581136.9,52,mri-esm2-0,1995-2014_hist,0.922248887,135640.38836598487,17042344241019.648,74.91546159692197
10-100 km2,5955,166830.554,22748767581136.9,53,mri-esm2-0,2021-2040_ssp126,1.72632431,82778.68689342424,9390503579756.748,41.27917499822399
10-100 km2,5955,166830.554,22748767581136.9,54,mri-esm2-0,2041-2060_ssp126,1.996245332,74416.21096245688,8389695302867.682,36.87977941198165
10-100 km2,5955,166830.554,22748767581136.9,55,mri-esm2-0,2061-2080_ssp126,2.09126599,77000.1075805361,8677421975273.797,38.14458055507608
10-100 km2,5955,166830.554,22748767581136.9,56,mri-esm2-0,2081-2100_ssp126,1.94778826,83271.72817527811,9391738120594.97,41.2846018453436
10-100 km2,5955,166830.554,22748767581136.9,57,mri-esm2-0,2021-2040_ssp370,1.705488886,92943.7459562307,10751299356213.98,47.261018944731205
10-100 km2,5955,166830.554,22748767581136.9,58,mri-esm2-0,2041-2060_ssp370,2.404955866,71811.67331240444,8161012541751.216,35.874526005172534
10-100 km2,5955,166830.554,22748767581136.9,59,mri-esm2-0,2061-2080_ssp370,3.105613809,46429.488902861376,5120461199545.324,22.508741105567278
10-100 km2,5955,166830.554,22748767581136.9,60,mri-esm2-0,2081-2100_ssp370,3.811452497,32910.052032677195,3467509957938.242,15.242627740473619
10-100 km2,5955,166830.554,22748767581136.9,61,mri-esm2-0,2021-2040_ssp585,1.911734937,79861.63113187901,8951232136344.12,39.34820690579481
10-100 km2,5955,166830.554,22748767581136.9,62,mri-esm2-0,2041-2060_ssp585,2.687007085,47786.977878148056,5125527455314.631,22.531011568137338
10-100 km2,5955,166830.554,22748767581136.9,63,mri-esm2-0,2061-2080_ssp585,3.541685939,43774.70351112219,4840878235773.865,21.279738423227304
10-100 km2,5955,166830.554,22748767581136.9,64,mri-esm2-0,2081-2100_ssp585,4.594325176,16513.65050183962,1594073963176.986,7.007298120618982
10-100 km2,5955,166830.554,22748767581136.9,65,ukesm1-0-ll,1851-1870_hist,0.373094842,169234.9788408986,22728891017040.434,99.9126257542279
10-100 km2,5955,166830.554,22748767581136.9,66,ukesm1-0-ll,1901-1920_hist,0.353528895,175445.14362499816,23839529448569.906,104.79481740513037
10-100 km2,5955,166830.554,22748767581136.9,67,ukesm1-0-ll,1951-1970_hist,0.23742077,181706.2434244289,25041781634789.418,110.07972869507827
10-100 km2,5955,166830.554,22748767581136.9,68,ukesm1-0-ll,1995-2014_hist,1.058767333,129529.22783467965,16082576715401.893,70.6964746905122
10-100 km2,5955,166830.554,22748767581136.9,69,ukesm1-0-ll,2021-2040_ssp126,2.176143904,68869.38743099126,7580692447758.533,33.32353025596158
10-100 km2,5955,166830.554,22748767581136.9,70,ukesm1-0-ll,2041-2060_ssp126,2.739835015,47510.23215705743,5071281446096.762,22.292554653825857
10-100 km2,5955,166830.554,22748767581136.9,71,ukesm1-0-ll,2061-2080_ssp126,2.951472593,40277.51700870132,4315954947649.7715,18.972258309186508
10-100 km2,5955,166830.554,22748767581136.9,72,ukesm1-0-ll,2081-2100_ssp126,3.038482623,32241.643310438605,3291181879951.6064,14.467517276323264
10-100 km2,5955,166830.554,22748767581136.9,73,ukesm1-0-ll,2021-2040_ssp370,2.32331738,70722.57685186008,7793923312991.196,34.260859561701515
10-100 km2,5955,166830.554,22748767581136.9,74,ukesm1-0-ll,2041-2060_ssp370,3.414120006,32633.870870690393,3396263962817.8975,14.929441565151219
10-100 km2,5955,166830.554,22748767581136.9,75,ukesm1-0-ll,2061-2080_ssp370,4.439976801,19321.89305882038,2079610473119.5544,9.141640160075974
10-100 km2,5955,166830.554,22748767581136.9,76,ukesm1-0-ll,2081-2100_ssp370,5.840495128,6268.13190906451,572182379570.1431,2.5152236380690454
10-100 km2,5955,166830.554,22748767581136.9,77,ukesm1-0-ll,2021-2040_ssp585,2.319732626,65066.95200351022,7068092382442.36,31.07022108882579
10-100 km2,5955,166830.554,22748767581136.9,78,ukesm1-0-ll,2041-2060_ssp585,3.646967578,34288.685876006115,3634345055029.0967,15.97600855548178
10-100 km2,5955,166830.554,22748767581136.9,79,ukesm1-0-ll,2061-2080_ssp585,5.230543689,10968.304703112948,1089696126813.8949,4.79013257719272
10-100 km2,5955,166830.554,22748767581136.9,80,ukesm1-0-ll,2081-2100_ssp585,6.884361024,2599.0003667177843,206919652057.69617,0.9095862064601352
