tidewater_class,n_glaciers,rgi_area_km2,experiment,gcm,period_scenario,temp_ch_ipcc,AAR_mean_mean,AAR_mean_std,AAR_mean_median,AAR_mean_MAD,AAR_mean_area_weighted_mean,AAR_steady_mean,AAR_steady_std,AAR_steady_median,AAR_steady_MAD,AAR_steady_area_weighted_mean,disequilibrium_mean,disequilibrium_std,disequilibrium_median,disequilibrium_MAD,disequilibrium_area_weighted_mean
land-terminating,212303,424267.549,0,era5,2014-2023,1.2,0.39163934558580615,0.2567414605995756,0.3695707250715356,0.1814622696402792,0.38096562567865017,0.5357356032394465,0.09284620955597638,0.5335213163102115,0.04081002351664448,0.5890918885816724,0.7228644327898477,0.4621821769668336,0.6841524445169,0.31456539274224354,0.6288424436931777
land-terminating,212303,424267.549,1,gfdl-esm4,1851-1870_hist,0.231409328,0.6596988820451685,0.2156657931746577,0.6918558187346293,0.14978017388720655,0.5481739833263408,0.5345980374163454,0.09418530611104664,0.5310484902145686,0.04240494899980152,0.5991501275513269,1.253535531661519,0.43042420817620136,1.2771829617839492,0.2856002622409254,0.9200492229684883
land-terminating,212303,424267.549,2,gfdl-esm4,1901-1920_hist,0.478289046,0.6188650224258021,0.22280221528423785,0.643306822396105,0.16219942693323974,0.5126208772496573,0.5345980374163454,0.09418530611104664,0.5310484902145686,0.04240494899980152,0.5991501275513269,1.1719752701509192,0.4328980791195903,1.1864648588293554,0.29383211525299346,0.8529833239552176
land-terminating,212303,424267.549,3,gfdl-esm4,1951-1970_hist,0.392281326,0.6709217670193219,0.21209654642534886,0.7069195663252994,0.1467337345668841,0.538260863972747,0.5345980374163454,0.09418530611104664,0.5310484902145686,0.04240494899980152,0.5991501275513269,1.2765323727852247,0.42635844801767475,1.306027068291587,0.27860250683284504,0.903426078222704
land-terminating,212303,424267.549,4,gfdl-esm4,1995-2014_hist,0.901467077,0.5680868231226845,0.21884757051403622,0.5863571151215494,0.15905083106597084,0.4794901609348993,0.5345980374163454,0.09418530611104664,0.5310484902145686,0.04240494899980152,0.5991501275513269,1.0674077394156485,0.40349922105634106,1.0801798628869084,0.2885493838739568,0.7887074431488762
land-terminating,212303,424267.549,5,gfdl-esm4,2021-2040_ssp126,1.493792069,0.3998705827441661,0.24559027200608796,0.3837233963332504,0.1773631038230281,0.3792922636184451,0.5345980374163454,0.09418530611104664,0.5310484902145686,0.04240494899980152,0.5991501275513269,0.7477551464381267,0.4603406050550127,0.7112546304236569,0.3224207551743532,0.6155311296885326
land-terminating,212303,424267.549,6,gfdl-esm4,2041-2060_ssp126,1.678749959,0.3509404450321893,0.24783679066185677,0.3242837692683508,0.1807317937353859,0.3460271075489946,0.5345980374163454,0.09418530611104664,0.5310484902145686,0.04240494899980152,0.5991501275513269,0.6549929450022177,0.46206055981589933,0.598857276592086,0.3241458057884943,0.5578013971699186
land-terminating,212303,424267.549,7,gfdl-esm4,2061-2080_ssp126,1.730055687,0.3158737742691594,0.2517532040056588,0.2796901835350944,0.1829234851900628,0.3200165955986236,0.5345980374163454,0.09418530611104664,0.5310484902145686,0.04240494899980152,0.5991501275513269,0.5894001858991107,0.47381219599071045,0.5132722860595078,0.3282375610639559,0.5118850809603426
land-terminating,212303,424267.549,8,gfdl-esm4,2081-2100_ssp126,1.684476548,0.3374425126760295,0.25219860648986575,0.3174243438752378,0.1923912071241924,0.32586247747856206,0.5345980374163454,0.09418530611104664,0.5310484902145686,0.04240494899980152,0.5991501275513269,0.6295684038498114,0.4711970235445209,0.5836870703184952,0.34808628232379846,0.5205631462081975
land-terminating,212303,424267.549,9,gfdl-esm4,2021-2040_ssp370,1.488564228,0.3939313980619803,0.2365614161905854,0.3722077341432203,0.16526202412745178,0.36558232568759563,0.5338080114624023,0.0941320997396408,0.5298176635479513,0.040430517251524356,0.5962578091546724,0.7365138742764563,0.44113781494107707,0.6992834638531288,0.2963299339322848,0.5940919010857713
land-terminating,212303,424267.549,10,gfdl-esm4,2041-2060_ssp370,2.049608082,0.2607783275609143,0.24171605916497052,0.2170708765006395,0.1753295795644532,0.3040489535376111,0.5338080114624023,0.0941320997396408,0.5298176635479513,0.040430517251524356,0.5962578091546724,0.4839135259344351,0.4496308516853956,0.403282532107258,0.31769203849823757,0.4890697398493112
land-terminating,212303,424267.549,11,gfdl-esm4,2061-2080_ssp370,2.814161775,0.12605810291222497,0.20531759471741573,0.0,0.0,0.19615808638389043,0.5338080114624023,0.0941320997396408,0.5298176635479513,0.040430517251524356,0.5962578091546724,0.2314668350619168,0.381002633671498,0.0,0.0,0.3065654673272019
land-terminating,212303,424267.549,12,gfdl-esm4,2081-2100_ssp370,3.532319558,0.053281857774053754,0.15193473035675661,0.0,0.0,0.16339468039451324,0.5338080114624023,0.0941320997396408,0.5298176635479513,0.040430517251524356,0.5962578091546724,0.09285362768812738,0.2651694075831151,0.0,0.0,0.25052159663957607
land-terminating,212303,424267.549,13,gfdl-esm4,2021-2040_ssp585,1.529802668,0.3882005324536321,0.2401918633250574,0.3695257846891192,0.17207955903920646,0.35818443275242556,0.5361512370682637,0.0926269997574262,0.5332925238734256,0.04072294087004191,0.597504579167847,0.7214833520950732,0.44253438550380386,0.6869877842655339,0.3061902893837797,0.5803105686237029
land-terminating,212303,424267.549,14,gfdl-esm4,2041-2060_ssp585,2.18911609,0.22218666637682133,0.23374221332227746,0.1553852541657987,0.1553852541657987,0.26592222157273776,0.5361512370682637,0.0926269997574262,0.5332925238734256,0.04072294087004191,0.597504579167847,0.4092847721438721,0.4315632286029866,0.2932642617808397,0.2932642617808397,0.4226414484206271
land-terminating,212303,424267.549,15,gfdl-esm4,2061-2080_ssp585,3.048039704,0.11182795153700703,0.1932854445631887,0.0,0.0,0.1855740681410616,0.5361512370682637,0.0926269997574262,0.5332925238734256,0.04072294087004191,0.597504579167847,0.2033364541691739,0.3521876346778017,0.0,0.0,0.28828881220596814
land-terminating,212303,424267.549,16,gfdl-esm4,2081-2100_ssp585,4.001455777,0.029468713070158133,0.10102700727332668,0.0,0.0,0.1138433781653096,0.5361512370682637,0.0926269997574262,0.5332925238734256,0.04072294087004191,0.597504579167847,0.05139505195004614,0.17512992574812222,0.0,0.0,0.1725661634409039
land-terminating,212303,424267.549,17,ipsl-cm6a-lr,1851-1870_hist,-0.131913088,0.7707610503203399,0.19551135214216572,0.826424868959088,0.10482540303878163,0.6479011480161357,0.5348247216926298,0.09241527079352732,0.5312308985578479,0.04174258644362683,0.5966909921273329,1.4742694182638907,0.44543335197403866,1.518517820931061,0.24456320221314054,1.1208003266230797
land-terminating,212303,424267.549,18,ipsl-cm6a-lr,1901-1920_hist,-0.143528775,0.8018441972246724,0.1850034544206584,0.8601866793530906,0.09308349732613641,0.6842515621666649,0.5348247216926298,0.09241527079352732,0.5312308985578479,0.04174258644362683,0.5966909921273329,1.5384029447620624,0.45649295708098153,1.57611242370389,0.23626634552199532,1.190647811937098
land-terminating,212303,424267.549,19,ipsl-cm6a-lr,1951-1970_hist,0.302892464,0.7181397286902685,0.21694511661879518,0.7718120262641466,0.1371143408404254,0.5831510719302618,0.5348247216926298,0.09241527079352732,0.5312308985578479,0.04174258644362683,0.5966909921273329,1.368343146738176,0.4549143934426239,1.417351797866647,0.28067636278220376,0.9956470040345572
land-terminating,212303,424267.549,20,ipsl-cm6a-lr,1995-2014_hist,0.913312833,0.561970858876164,0.2152205798804477,0.5741617995028536,0.15296212495790218,0.4700172222039642,0.5348247216926298,0.09241527079352732,0.5312308985578479,0.04174258644362683,0.5966909921273329,1.056138487966916,0.398917340099759,1.067990690943968,0.2774585198538595,0.7829110726899176
land-terminating,212303,424267.549,21,ipsl-cm6a-lr,2021-2040_ssp126,1.636714967,0.41983258826593595,0.24779012155767072,0.406820654858304,0.17923416804347728,0.3711488968849648,0.5348247216926298,0.09241527079352732,0.5312308985578479,0.04174258644362683,0.5966909921273329,0.7852851746857142,0.4638504079176452,0.7546065724259163,0.32157023252424527,0.6089879039550258
land-terminating,212303,424267.549,22,ipsl-cm6a-lr,2041-2060_ssp126,2.049075593,0.3109235678951619,0.2714238445289427,0.2534868326275995,0.19973634313112126,0.30003776606512406,0.5348247216926298,0.09241527079352732,0.5312308985578479,0.04174258644362683,0.5966909921273329,0.577028073980016,0.5045333847094909,0.4836345212692594,0.3606122504034292,0.48635073595576694
land-terminating,212303,424267.549,23,ipsl-cm6a-lr,2061-2080_ssp126,2.191208244,0.21275670663899282,0.25206156452934847,0.1209319231824997,0.1209319231824997,0.2437929329345024,0.5348247216926298,0.09241527079352732,0.5312308985578479,0.04174258644362683,0.5966909921273329,0.39199891970006995,0.4660885745502929,0.23328008241116754,0.23328008241116754,0.3908795684645956
land-terminating,212303,424267.549,24,ipsl-cm6a-lr,2081-2100_ssp126,2.171220561,0.23320463853591875,0.253509885256276,0.1546876892061289,0.1546876892061289,0.2411062938002712,0.5348247216926298,0.09241527079352732,0.5312308985578479,0.04174258644362683,0.5966909921273329,0.43159030220124917,0.4709351408357781,0.2972717142691881,0.2972717142691881,0.38649027646109785
land-terminating,212303,424267.549,25,ipsl-cm6a-lr,2021-2040_ssp370,1.678163601,0.4229192536673797,0.257940107268734,0.4090694740227291,0.18888687486842115,0.3668569267588029,0.5331408066383773,0.09404880598663572,0.530119827302827,0.042780096601420514,0.596855781910497,0.7946840996781048,0.4918709922186673,0.7515199975835261,0.3366998775913075,0.5993934722985121
land-terminating,212303,424267.549,26,ipsl-cm6a-lr,2041-2060_ssp370,2.594826972,0.18533171422922212,0.24689214084014666,0.0660729160808092,0.0660729160808092,0.2255483870722234,0.5331408066383773,0.09404880598663572,0.530119827302827,0.042780096601420514,0.596855781910497,0.34389927561452227,0.4677522218807263,0.13231812029761755,0.13231812029761755,0.3627178155081482
land-terminating,212303,424267.549,27,ipsl-cm6a-lr,2061-2080_ssp370,3.513114684,0.06921374529053927,0.17003331603965588,0.0,0.0,0.1456261271248684,0.5331408066383773,0.09404880598663572,0.530119827302827,0.042780096601420514,0.596855781910497,0.12466409737442632,0.31078698926135734,0.0,0.0,0.22708984324407347
land-terminating,212303,424267.549,28,ipsl-cm6a-lr,2081-2100_ssp370,4.677751369,0.02862344623736473,0.11347795301752615,0.0,0.0,0.07485874986010606,0.5331408066383773,0.09404880598663572,0.530119827302827,0.042780096601420514,0.596855781910497,0.05118690485545919,0.20842379918162482,0.0,0.0,0.11435388687889937
land-terminating,212303,424267.549,29,ipsl-cm6a-lr,2021-2040_ssp585,1.66491004,0.3892085084281856,0.2584378211049853,0.3613377453306651,0.18718229180986634,0.35451647736707903,0.5330084599549013,0.09316817287470801,0.5309454523893594,0.041255899036825805,0.5980271905970664,0.72694585625001,0.48207833767360464,0.6789684489887956,0.334121433624715,0.5750112074721636
land-terminating,212303,424267.549,30,ipsl-cm6a-lr,2041-2060_ssp585,2.84393776,0.15801351869488992,0.24426371989425583,0.0231748957354877,0.0231748957354877,0.2129369487366204,0.5330084599549013,0.09316817287470801,0.5309454523893594,0.041255899036825805,0.5980271905970664,0.2900264605084615,0.4534093594082725,0.03983065276862521,0.03983065276862521,0.3403781535551581
land-terminating,212303,424267.549,31,ipsl-cm6a-lr,2061-2080_ssp585,4.160098437,0.04633107508887612,0.13899784985788458,0.0,0.0,0.10164382301687548,0.5330084599549013,0.09316817287470801,0.5309454523893594,0.041255899036825805,0.5980271905970664,0.08404813537791152,0.25599701708946415,0.0,0.0,0.15769388050306926
land-terminating,212303,424267.549,32,ipsl-cm6a-lr,2081-2100_ssp585,5.849305066,0.012552110314756787,0.07473883252472999,0.0,0.0,0.044867203579048894,0.5330084599549013,0.09316817287470801,0.5309454523893594,0.041255899036825805,0.5980271905970664,0.022200119246340144,0.13356793277383322,0.0,0.0,0.06758588789998247
land-terminating,212303,424267.549,33,mpi-esm1-2-hr,1851-1870_hist,0.083373661,0.7480925369193591,0.20005763778983499,0.7922733644300429,0.12323221494026682,0.6037687445868474,0.5353010678327763,0.09204471553792021,0.5345741903015863,0.03906967248156179,0.5959331822565258,1.4281433924514229,0.4428946022863276,1.464637806368774,0.2540856952720385,1.0374994044765136
land-terminating,212303,424267.549,34,mpi-esm1-2-hr,1901-1920_hist,0.101656085,0.7304076573236257,0.1961298933675297,0.7722569489016482,0.12274171831294844,0.5935727716118959,0.5353010678327763,0.09204471553792021,0.5345741903015863,0.03906967248156179,0.5959331822565258,1.3920414928144647,0.42058522376775886,1.4223912338980476,0.24784280389649416,1.023334434019385
land-terminating,212303,424267.549,35,mpi-esm1-2-hr,1951-1970_hist,0.353009146,0.6893177602228082,0.20261996429770032,0.7286329591193215,0.13196582966098636,0.5676438432914279,0.5353010678327763,0.09204471553792021,0.5345741903015863,0.03906967248156179,0.5959331822565258,1.3070702239609195,0.4029318656297031,1.3384259940695626,0.2518202725391834,0.9635800708843805
land-terminating,212303,424267.549,36,mpi-esm1-2-hr,1995-2014_hist,0.904939372,0.5564105714373951,0.21875700636016995,0.5693057263353991,0.15954708122666011,0.47015723874335213,0.5353010678327763,0.09204471553792021,0.5345741903015863,0.03906967248156179,0.5959331822565258,1.0426589069792698,0.40342115017956715,1.0454385549501297,0.28372227357544677,0.7801442532557492
land-terminating,212303,424267.549,37,mpi-esm1-2-hr,2021-2040_ssp126,1.469113359,0.436436373441243,0.23995184066611003,0.4250287948185449,0.1734617401112487,0.39689666234903026,0.5353010678327763,0.09204471553792021,0.5345741903015863,0.03906967248156179,0.5959331822565258,0.811887515110702,0.44223103894990407,0.7814584919059326,0.30847150655331546,0.6458971655371819
land-terminating,212303,424267.549,38,mpi-esm1-2-hr,2041-2060_ssp126,1.656830929,0.39778852316923413,0.24238195432171789,0.386742915884214,0.17251986510567846,0.3668344730032433,0.5353010678327763,0.09204471553792021,0.5345741903015863,0.03906967248156179,0.5959331822565258,0.740191677598545,0.45063159635739997,0.7164892816551147,0.304398137258316,0.5972484517710214
land-terminating,212303,424267.549,39,mpi-esm1-2-hr,2061-2080_ssp126,1.695689732,0.36906256726127823,0.24197949804153096,0.3519540909417926,0.17333824946919568,0.35775075764876796,0.5353010678327763,0.09204471553792021,0.5345741903015863,0.03906967248156179,0.5959331822565258,0.6849904013935422,0.4463052542068945,0.6440374408124958,0.30523127534939654,0.5785725406141766
land-terminating,212303,424267.549,40,mpi-esm1-2-hr,2081-2100_ssp126,1.659995843,0.3803896123861343,0.23772796704695037,0.3589518383188297,0.16872002748161222,0.36174234004353056,0.5353010678327763,0.09204471553792021,0.5345741903015863,0.03906967248156179,0.5959331822565258,0.7056811239442357,0.43745164515125345,0.662799842090887,0.2966421749803463,0.5867487624200133
land-terminating,212303,424267.549,41,mpi-esm1-2-hr,2021-2040_ssp370,1.493779364,0.4388219591966417,0.23542300220367104,0.4342589655496704,0.16808992881469648,0.3791286642875086,0.5374398623882288,0.09218826317279981,0.5343732706644867,0.04009087713022119,0.5979496324715404,0.816415825416303,0.438108790333328,0.8001580874348664,0.30428607270327346,0.6172978477113734
land-terminating,212303,424267.549,42,mpi-esm1-2-hr,2041-2060_ssp370,2.092677072,0.2944366007235063,0.2481746783530743,0.2516186829965966,0.17853849931770388,0.29150141878411495,0.5374398623882288,0.09218826317279981,0.5343732706644867,0.04009087713022119,0.5979496324715404,0.541615988860297,0.454143822966409,0.4612025309549643,0.31650342036922463,0.4644932602281508
land-terminating,212303,424267.549,43,mpi-esm1-2-hr,2061-2080_ssp370,2.718960922,0.17942140540040336,0.23053403224963548,0.0855686055551244,0.0855686055551244,0.2548536268751284,0.5374398623882288,0.09218826317279981,0.5343732706644867,0.04009087713022119,0.5979496324715404,0.32700625232789504,0.42161492175492604,0.1619970823617907,0.1619970823617907,0.40127538975512717
land-terminating,212303,424267.549,44,mpi-esm1-2-hr,2081-2100_ssp370,3.454510652,0.07777228306717349,0.17123114695444366,0.0,0.0,0.20242963728972552,0.5374398623882288,0.09218826317279981,0.5343732706644867,0.04009087713022119,0.5979496324715404,0.13851885994325655,0.306600862181141,0.0,0.0,0.31376077866771623
land-terminating,212303,424267.549,45,mpi-esm1-2-hr,2021-2040_ssp585,1.528303178,0.4246404050559091,0.23924817897009062,0.4240924759188065,0.17189855805946386,0.3921740502953552,0.5371524652852346,0.09325203091664096,0.5341803235430906,0.040028560293352666,0.6005827547769931,0.7881438890355654,0.4430642914199527,0.7754331450877503,0.3070843263023569,0.6371996432073623
land-terminating,212303,424267.549,46,mpi-esm1-2-hr,2041-2060_ssp585,2.139652727,0.27702312808511237,0.25207905817318194,0.2269415340929276,0.17902814323527752,0.3084093244196656,0.5371524652852346,0.09325203091664096,0.5341803235430906,0.040028560293352666,0.6005827547769931,0.5100570556768498,0.4667648517096399,0.4178014544846934,0.32012866635955917,0.49049928446500657
land-terminating,212303,424267.549,47,mpi-esm1-2-hr,2061-2080_ssp585,2.950347,0.10707805482435298,0.19266822243216403,0.0,0.0,0.2177869852490798,0.5371524652852346,0.09325203091664096,0.5341803235430906,0.040028560293352666,0.6005827547769931,0.19237711800879745,0.34703975773109474,0.0,0.0,0.3369470172736197
land-terminating,212303,424267.549,48,mpi-esm1-2-hr,2081-2100_ssp585,3.99079854,0.05742376552324985,0.16350195764294623,0.0,0.0,0.1516042816243418,0.5371524652852346,0.09325203091664096,0.5341803235430906,0.040028560293352666,0.6005827547769931,0.10418452326378039,0.30194332996233364,0.0,0.0,0.2317972629532601
land-terminating,212303,424267.549,49,mri-esm2-0,1851-1870_hist,0.190948213,0.7123598201899994,0.1946525071168744,0.7562226469493392,0.11721878514422635,0.6324045866624954,0.5333598092004446,0.09259376274311422,0.5318556806540384,0.04063904630517723,0.5987503530686051,1.3626228090774772,0.4200316903868586,1.3897170523828746,0.24508500992885618,1.0859288018721467
land-terminating,212303,424267.549,50,mri-esm2-0,1901-1920_hist,0.252478266,0.7160717126756292,0.19945553132851476,0.7621863890774844,0.12048504860921916,0.6302110081273513,0.5333598092004446,0.09259376274311422,0.5318556806540384,0.04063904630517723,0.5987503530686051,1.367713691138621,0.42135102505086425,1.4053404861362857,0.24926096468532344,1.077687696074597
land-terminating,212303,424267.549,51,mri-esm2-0,1951-1970_hist,0.382652065,0.7157567085430689,0.1926726772098638,0.7581022526982332,0.11616495398611282,0.6163126116523865,0.5333598092004446,0.09259376274311422,0.5318556806540384,0.04063904630517723,0.5987503530686051,1.3694219634591789,0.4121573918047379,1.3985739813710265,0.2463289034322389,1.0532973460982018
land-terminating,212303,424267.549,52,mri-esm2-0,1995-2014_hist,0.922248887,0.596437780843794,0.20875478585664423,0.6196655436814186,0.1440755713018369,0.5187854904343941,0.5333598092004446,0.09259376274311422,0.5318556806540384,0.04063904630517723,0.5987503530686051,1.1277842367738211,0.3984565981270221,1.1392559994146654,0.2687450660070687,0.8657074296645433
land-terminating,212303,424267.549,53,mri-esm2-0,2021-2040_ssp126,1.72632431,0.3048702653914977,0.24509061679046923,0.2662999506719103,0.17656420045721477,0.3219792605074795,0.5333598092004446,0.09259376274311422,0.5318556806540384,0.04063904630517723,0.5987503530686051,0.5665225398017683,0.45350368193683743,0.4959403976983381,0.3183376723861979,0.5185198299700384
land-terminating,212303,424267.549,54,mri-esm2-0,2041-2060_ssp126,1.996245332,0.26060918055964943,0.24693527239339827,0.2047047720460405,0.18056468016781202,0.28213235455790747,0.5333598092004446,0.09259376274311422,0.5318556806540384,0.04063904630517723,0.5987503530686051,0.4843256698290512,0.4610605555766261,0.38518934201537725,0.3328690124177702,0.4524599293971431
land-terminating,212303,424267.549,55,mri-esm2-0,2061-2080_ssp126,2.09126599,0.3185311805591663,0.2561831496930396,0.29279745438486726,0.19273588647366766,0.3109972255050568,0.5333598092004446,0.09259376274311422,0.5318556806540384,0.04063904630517723,0.5987503530686051,0.5958467733692366,0.48567756940775403,0.5381530481749659,0.35078927895171574,0.5024165016201391
land-terminating,212303,424267.549,56,mri-esm2-0,2081-2100_ssp126,1.94778826,0.36132947970987234,0.24922760992106352,0.3397885198243149,0.1811680982433641,0.3363203063582607,0.5333598092004446,0.09259376274311422,0.5318556806540384,0.04063904630517723,0.5987503530686051,0.6775064456512759,0.4742450618517669,0.6234675670190168,0.324513837154858,0.5451692727732984
land-terminating,212303,424267.549,57,mri-esm2-0,2021-2040_ssp370,1.705488886,0.3590674419931119,0.2520809046650819,0.3356728115710031,0.18748410052265846,0.3524649086595585,0.535377755681304,0.0922634035495229,0.5318417878350375,0.03935487456133102,0.599506513408885,0.6669869979182463,0.4690121117227956,0.6131907495100162,0.33462383253355243,0.5674043471376121
land-terminating,212303,424267.549,58,mri-esm2-0,2041-2060_ssp370,2.404955866,0.23842159320374715,0.2546128418690568,0.1661314305303494,0.1661314305303494,0.2716225049296577,0.535377755681304,0.0922634035495229,0.5318417878350375,0.03935487456133102,0.599506513408885,0.44149598155997494,0.47661885344359145,0.309144462819823,0.309144462819823,0.4318888903477415
land-terminating,212303,424267.549,59,mri-esm2-0,2061-2080_ssp370,3.105613809,0.14445302203661348,0.22852624170351402,0.01453834584579805,0.01453834584579805,0.19141948694270466,0.535377755681304,0.0922634035495229,0.5318417878350375,0.03935487456133102,0.599506513408885,0.2680548944434551,0.43475882907621594,0.024720714530148038,0.024720714530148038,0.299161327341245
land-terminating,212303,424267.549,60,mri-esm2-0,2081-2100_ssp370,3.811452497,0.04809783877590806,0.13275954989545188,0.0,0.0,0.12936445944674135,0.535377755681304,0.0922634035495229,0.5318417878350375,0.03935487456133102,0.599506513408885,0.08604073685475037,0.23941731984682876,0.0,0.0,0.19577918391671545
land-terminating,212303,424267.549,61,mri-esm2-0,2021-2040_ssp585,1.911734937,0.3207031603884271,0.24660227182743538,0.288712198131016,0.1812410253753704,0.3171302844285934,0.53500270840571,0.09204542479925774,0.5331567205545121,0.040162084314930846,0.5981937818104232,0.5972046302325312,0.46247372394736314,0.5341069380420426,0.3287881068427841,0.5109022305777123
land-terminating,212303,424267.549,62,mri-esm2-0,2041-2060_ssp585,2.687007085,0.14665026157249691,0.22008685167202968,0.0314749574545179,0.0314749574545179,0.19094972721759526,0.53500270840571,0.09204542479925774,0.5331567205545121,0.040162084314930846,0.5981937818104232,0.27143322887610505,0.4139296846604148,0.06204715438406928,0.06204715438406928,0.3004659382729401
land-terminating,212303,424267.549,63,mri-esm2-0,2061-2080_ssp585,3.541685939,0.07495985980904629,0.16793057641015846,0.0,0.0,0.16629813989215397,0.53500270840571,0.09204542479925774,0.5331567205545121,0.040162084314930846,0.5981937818104232,0.1345391637640533,0.30233552169346967,0.0,0.0,0.25900133782708445
land-terminating,212303,424267.549,64,mri-esm2-0,2081-2100_ssp585,4.594325176,0.024782223859710028,0.10192895813301585,0.0,0.0,0.07635200675584436,0.53500270840571,0.09204542479925774,0.5331567205545121,0.040162084314930846,0.5981937818104232,0.043575883766931264,0.18030934700399012,0.0,0.0,0.11728382908742788
land-terminating,212303,424267.549,65,ukesm1-0-ll,1851-1870_hist,0.373094842,0.7197924429688931,0.20374708330374222,0.7725828376061671,0.12010922779106781,0.6296188016697446,0.537315663797944,0.08978215620886121,0.5341605728011966,0.03987849697944856,0.5946752114458939,1.361530624063225,0.4208925426171898,1.396953147731351,0.25205993764587076,1.0805379938668838
land-terminating,212303,424267.549,66,ukesm1-0-ll,1901-1920_hist,0.353528895,0.7352346415914787,0.20213092785962977,0.7905497700961043,0.1155004403240909,0.6460023511755023,0.537315663797944,0.08978215620886121,0.5341605728011966,0.03987849697944856,0.5946752114458939,1.392121891833405,0.4254733354233811,1.4331864031238752,0.248537574127756,1.1135456017919945
land-terminating,212303,424267.549,67,ukesm1-0-ll,1951-1970_hist,0.23742077,0.7892489683785378,0.1854545161991183,0.8477753529497832,0.0889328459217884,0.6775120703064437,0.537315663797944,0.08978215620886121,0.5341605728011966,0.03987849697944856,0.5946752114458939,1.5011535084035896,0.42305024560591953,1.5439303316795119,0.22344469523716648,1.1766578834618082
land-terminating,212303,424267.549,68,ukesm1-0-ll,1995-2014_hist,1.058767333,0.6064643920748594,0.2128737932404077,0.6310223315508261,0.14695284389874874,0.5053450736008498,0.537315663797944,0.08978215620886121,0.5341605728011966,0.03987849697944856,0.5946752114458939,1.1369687692167179,0.39834104055884884,1.1623344282602464,0.2710248958216115,0.8435634939810619
land-terminating,212303,424267.549,69,ukesm1-0-ll,2021-2040_ssp126,2.176143904,0.27770290038056106,0.2431856143753903,0.2347742286323417,0.1767229294923586,0.26712702814863987,0.537315663797944,0.08978215620886121,0.5341605728011966,0.03987849697944856,0.5946752114458939,0.5127143040327552,0.4498851103698741,0.43163248980018604,0.3157680234730618,0.42817835189983594
land-terminating,212303,424267.549,70,ukesm1-0-ll,2041-2060_ssp126,2.739835015,0.16266946338760727,0.22586806175403815,0.0536424256132067,0.0536424256132067,0.19079349114246283,0.537315663797944,0.08978215620886121,0.5341605728011966,0.03987849697944856,0.5946752114458939,0.29704975873825046,0.41814205508564034,0.10432422421920057,0.10432422421920057,0.29973904196080203
land-terminating,212303,424267.549,71,ukesm1-0-ll,2061-2080_ssp126,2.951472593,0.12646223942234605,0.20459705015206764,0.0,0.0,0.16202071149582858,0.537315663797944,0.08978215620886121,0.5341605728011966,0.03987849697944856,0.5946752114458939,0.22864393059017132,0.37238934880967506,0.0,0.0,0.25347299979839955
land-terminating,212303,424267.549,72,ukesm1-0-ll,2081-2100_ssp126,3.038482623,0.09747262501015272,0.1825570603999088,0.0,0.0,0.1339914426327641,0.537315663797944,0.08978215620886121,0.5341605728011966,0.03987849697944856,0.5946752114458939,0.17769906121896825,0.3387878162410678,0.0,0.0,0.21010183294440402
land-terminating,212303,424267.549,73,ukesm1-0-ll,2021-2040_ssp370,2.32331738,0.2830576300119641,0.2524124706242277,0.2367012145354683,0.1829353858383219,0.2725917976242131,0.5364154411848732,0.09073536459833541,0.5332845775976287,0.04015232706496241,0.5930560740533499,0.5232883106308049,0.4693376876333255,0.4373078880747699,0.32654795139334775,0.4418361884271735
land-terminating,212303,424267.549,74,ukesm1-0-ll,2041-2060_ssp370,3.414120006,0.05443194390581682,0.13905776440563564,0.0,0.0,0.1258370837391468,0.5364154411848732,0.09073536459833541,0.5332845775976287,0.04015232706496241,0.5930560740533499,0.09752333215314178,0.251075901180791,0.0,0.0,0.1971307250765432
land-terminating,212303,424267.549,75,ukesm1-0-ll,2061-2080_ssp370,4.439976801,0.02134473277809465,0.09480117781490352,0.0,0.0,0.07154186287551977,0.5364154411848732,0.09073536459833541,0.5332845775976287,0.04015232706496241,0.5930560740533499,0.0371732558611926,0.1707485819400156,0.0,0.0,0.11259778207040246
land-terminating,212303,424267.549,76,ukesm1-0-ll,2081-2100_ssp370,5.840495128,0.004466526615685092,0.04198364607815767,0.0,0.0,0.028331252433332985,0.5364154411848732,0.09073536459833541,0.5332845775976287,0.04015232706496241,0.5930560740533499,0.007436837703348489,0.07264274276525282,0.0,0.0,0.043597950274575935
land-terminating,212303,424267.549,77,ukesm1-0-ll,2021-2040_ssp585,2.319732626,0.2692421120040327,0.24416870508066993,0.2211046071931126,0.17656172780911308,0.25664795213440184,0.5363478014305417,0.08985709628594016,0.5334580264160519,0.03936278890149808,0.5933247453461026,0.4971515421492603,0.4504551401882845,0.4121214027120981,0.32099197423482206,0.41106348658416547
land-terminating,212303,424267.549,78,ukesm1-0-ll,2041-2060_ssp585,3.646967578,0.060095904912301316,0.15215066858259158,0.0,0.0,0.12774528057593604,0.5363478014305417,0.08985709628594016,0.5334580264160519,0.03936278890149808,0.5933247453461026,0.1069231295101258,0.27165186768179617,0.0,0.0,0.20058670979959434
land-terminating,212303,424267.549,79,ukesm1-0-ll,2061-2080_ssp585,5.230543689,0.01166503061872287,0.07119201110341217,0.0,0.0,0.04602982224418618,0.5363478014305417,0.08985709628594016,0.5334580264160519,0.03936278890149808,0.5933247453461026,0.02068272682112598,0.13185247656547538,0.0,0.0,0.07182516349166754
land-terminating,212303,424267.549,80,ukesm1-0-ll,2081-2100_ssp585,6.884361024,0.0008850779073020394,0.015182745827292121,0.0,0.0,0.012526821549394192,0.5363478014305417,0.08985709628594016,0.5334580264160519,0.03936278890149808,0.5933247453461026,0.0013830437509993834,0.022293689719570624,0.0,0.0,0.018906506872697976
