region_class,n_glaciers,rgi_area_km2,experiment,gcm,period_scenario,temp_ch_ipcc,AAR_mean_mean,AAR_mean_std,AAR_mean_median,AAR_mean_MAD,AAR_mean_area_weighted_mean,AAR_steady_mean,AAR_steady_std,AAR_steady_median,AAR_steady_MAD,AAR_steady_area_weighted_mean,disequilibrium_mean,disequilibrium_std,disequilibrium_median,disequilibrium_MAD,disequilibrium_area_weighted_mean
MT_all,3242,281468.73,0,era5,2014-2023,1.2,0.5165170660253937,0.24242663848994264,0.5484126145188297,0.18503159775347894,0.5802027894701899,0.6739120946483367,0.1302054431399435,0.6630431176567396,0.05129379017805191,0.7296794303713757,0.7583426781552643,0.3391917424718525,0.7938731524169143,0.2061031661792005,0.7992184527288724
MT_all,3242,281468.73,1,gfdl-esm4,1851-1870_hist,0.231409328,0.6775029160784128,0.2192667614641835,0.7176965028612639,0.15907240636253078,0.7279156474386578,0.6737908703722547,0.12507899985539153,0.6527107734516767,0.05217492674088364,0.7245969378551359,1.0144139597060065,0.3364058943366864,1.0420513098376039,0.19185455151207287,1.0148063646675847
MT_all,3242,281468.73,2,gfdl-esm4,1901-1920_hist,0.478289046,0.5923553013763996,0.2206938657622272,0.6276856755697262,0.1550710308061029,0.6592817836560282,0.6737908703722547,0.12507899985539153,0.6527107734516767,0.05217492674088364,0.7245969378551359,0.8781635351977944,0.3250480495354067,0.9114642792184262,0.17393476720214285,0.9142925319416235
MT_all,3242,281468.73,3,gfdl-esm4,1951-1970_hist,0.392281326,0.6653382546475244,0.225502032571272,0.7097895197339521,0.16851356131707868,0.7220920074087248,0.6737908703722547,0.12507899985539153,0.6527107734516767,0.05217492674088364,0.7245969378551359,0.9953276818411345,0.34627022895339876,1.0056003126996416,0.23796470168039696,1.008980479446837
MT_all,3242,281468.73,4,gfdl-esm4,1995-2014_hist,0.901467077,0.5939428666740086,0.23457720813238153,0.630370631983068,0.17963717426957887,0.6549442384375398,0.6737908703722547,0.12507899985539153,0.6527107734516767,0.05217492674088364,0.7245969378551359,0.877499581350494,0.3399904866277856,0.9169080010294336,0.21229112853316257,0.9103849491296205
MT_all,3242,281468.73,5,gfdl-esm4,2021-2040_ssp126,1.493792069,0.4167440265659934,0.22291562565048442,0.4434845835899812,0.16531232635393564,0.5341156599551915,0.6737908703722547,0.12507899985539153,0.6527107734516767,0.05217492674088364,0.7245969378551359,0.6110648318805375,0.33932646401641614,0.6279579053774058,0.20201599476632554,0.7373531599343827
MT_all,3242,281468.73,6,gfdl-esm4,2041-2060_ssp126,1.678749959,0.4577920974554186,0.24445359906813416,0.4881776851551105,0.18789210877032622,0.5371437514256272,0.6737908703722547,0.12507899985539153,0.6527107734516767,0.05217492674088364,0.7245969378551359,0.6729203226814567,0.37013388568843786,0.6956027178955644,0.23400125309979547,0.7394464736355264
MT_all,3242,281468.73,7,gfdl-esm4,2061-2080_ssp126,1.730055687,0.42960148160477357,0.23868897191144736,0.44600033105816894,0.18155990398763536,0.5297167297340725,0.6737908703722547,0.12507899985539153,0.6527107734516767,0.05217492674088364,0.7245969378551359,0.6349299123537603,0.37021159337446635,0.6415618090416172,0.23105177918585243,0.7330203107238406
MT_all,3242,281468.73,8,gfdl-esm4,2081-2100_ssp126,1.684476548,0.44291178202670023,0.23646171318066267,0.46883354995546694,0.1762107175516542,0.5247041007121177,0.6737908703722547,0.12507899985539153,0.6527107734516767,0.05217492674088364,0.7245969378551359,0.6541620126348441,0.36597832327923313,0.6734940175188577,0.2252804328762456,0.7257517733707411
MT_all,3242,281468.73,9,gfdl-esm4,2021-2040_ssp370,1.488564228,0.4529948019034329,0.2440802370960647,0.47733556065396243,0.18898148702991618,0.5789323951203889,0.6783085594954834,0.1275835325913752,0.6594227594999393,0.052979309797248464,0.7286663613601644,0.6602358219480257,0.3709931833547479,0.6817540379922974,0.23150162973117944,0.7979734710944243
MT_all,3242,281468.73,10,gfdl-esm4,2041-2060_ssp370,2.049608082,0.38219501102730497,0.23197542657981038,0.4016543849137162,0.1689261868568862,0.49875234793380596,0.6783085594954834,0.1275835325913752,0.6594227594999393,0.052979309797248464,0.7286663613601644,0.5597956563145896,0.38790116599364616,0.5641609460969235,0.21610856594761588,0.6859578979711215
MT_all,3242,281468.73,11,gfdl-esm4,2061-2080_ssp370,2.814161775,0.2536580784988112,0.2212866816806243,0.23828593848070762,0.1636509873884782,0.400713061295083,0.6783085594954834,0.1275835325913752,0.6594227594999393,0.052979309797248464,0.7286663613601644,0.3640774319503491,0.3146528885493073,0.3383330078207182,0.22271226620714005,0.5484544001795539
MT_all,3242,281468.73,12,gfdl-esm4,2081-2100_ssp370,3.532319558,0.17299163946099386,0.1984336265312376,0.12839913209278137,0.12839913209278137,0.31289594661908426,0.6783085594954834,0.1275835325913752,0.6594227594999393,0.052979309797248464,0.7286663613601644,0.25189690533633996,0.28696596070949054,0.19471443810970432,0.19151974038771846,0.427643048895559
MT_all,3242,281468.73,13,gfdl-esm4,2021-2040_ssp585,1.529802668,0.409211449501927,0.24446078718333483,0.4169394613872466,0.1869723481014069,0.5415933848987355,0.6708731716035148,0.12741028475968133,0.650282418108465,0.05198485548602377,0.7227368065349902,0.6008493329525786,0.3824312802613923,0.6169467373629798,0.2422868953018194,0.7506334218706759
MT_all,3242,281468.73,14,gfdl-esm4,2041-2060_ssp585,2.18911609,0.3172285744478984,0.23211430838867098,0.31510803186934766,0.18013744655935857,0.4521404305968975,0.6708731716035148,0.12741028475968133,0.650282418108465,0.05198485548602377,0.7227368065349902,0.4625095576390332,0.3337148448092205,0.46253169607854205,0.24295088329503434,0.6265220831343105
MT_all,3242,281468.73,15,gfdl-esm4,2061-2080_ssp585,3.048039704,0.206186408971521,0.20479301589989599,0.16827495584911728,0.13906494522307733,0.3388312956886309,0.6708731716035148,0.12741028475968133,0.650282418108465,0.05198485548602377,0.7227368065349902,0.30447059128064285,0.32714893778600046,0.25256883766456306,0.1986634561612824,0.4696279320224795
MT_all,3242,281468.73,16,gfdl-esm4,2081-2100_ssp585,4.001455777,0.1003309721865736,0.15884955639188536,0.02069131397395035,0.02069131397395035,0.22722155506182315,0.6708731716035148,0.12741028475968133,0.650282418108465,0.05198485548602377,0.7227368065349902,0.14582027802875056,0.22769605676384283,0.03181896572590266,0.03181896572590266,0.3116711893615696
MT_all,3242,281468.73,17,ipsl-cm6a-lr,1851-1870_hist,-0.131913088,0.7835789483037391,0.20457037940180972,0.8579120533792783,0.12141485257725382,0.7833647916569223,0.6767783601668319,0.11775449913370645,0.6668548168968378,0.048350837384272816,0.725865343128885,1.1792489483693394,0.36729293445198824,1.2150634831463067,0.17237804684300218,1.0944555297680985
MT_all,3242,281468.73,18,ipsl-cm6a-lr,1901-1920_hist,-0.143528775,0.7854540497750475,0.18361086901451915,0.8342311408238179,0.12075099973253689,0.789922010998074,0.6767783601668319,0.11775449913370645,0.6668548168968378,0.048350837384272816,0.725865343128885,1.1810302758807134,0.33766260612996984,1.2137061566165241,0.15238147986223183,1.103161830841205
MT_all,3242,281468.73,19,ipsl-cm6a-lr,1951-1970_hist,0.302892464,0.6839089442408512,0.22206120747092342,0.7327323384329767,0.15262096196325903,0.7053274549823536,0.6767783601668319,0.11775449913370645,0.6668548168968378,0.048350837384272816,0.725865343128885,1.0172873022890274,0.3446799379822528,1.068307901160792,0.1647532360797605,0.9773000238101481
MT_all,3242,281468.73,20,ipsl-cm6a-lr,1995-2014_hist,0.913312833,0.5989060045278858,0.23528909153750252,0.6368143003743187,0.18262173792749126,0.6677089160293228,0.6767783601668319,0.11775449913370645,0.6668548168968378,0.048350837384272816,0.725865343128885,0.8807104916694686,0.3433318975459885,0.9196362515020342,0.2112773749138906,0.9239844246836559
MT_all,3242,281468.73,21,ipsl-cm6a-lr,2021-2040_ssp126,1.636714967,0.42990307333498334,0.22547996900910078,0.4394095957937255,0.1596453916369556,0.5101142200691051,0.6767783601668319,0.11775449913370645,0.6668548168968378,0.048350837384272816,0.725865343128885,0.6394178769347557,0.3397392355665623,0.6455800389078166,0.22463330247699415,0.703416968856211
MT_all,3242,281468.73,22,ipsl-cm6a-lr,2041-2060_ssp126,2.049075593,0.3636308642587375,0.262123804461199,0.3559001802843753,0.20100662910095501,0.4545009389538801,0.6767783601668319,0.11775449913370645,0.6668548168968378,0.048350837384272816,0.725865343128885,0.5413954174894486,0.38373027911148744,0.533729747915906,0.27107296290592914,0.6285726212231758
MT_all,3242,281468.73,23,ipsl-cm6a-lr,2061-2080_ssp126,2.191208244,0.3449660404567221,0.26916632528326717,0.3280866729248748,0.21851421892189768,0.4315312984819036,0.6767783601668319,0.11775449913370645,0.6668548168968378,0.048350837384272816,0.725865343128885,0.5143296950541741,0.395937445566413,0.492635268699912,0.30481868998958944,0.596871101151773
MT_all,3242,281468.73,24,ipsl-cm6a-lr,2081-2100_ssp126,2.171220561,0.31300705664890366,0.260886990768454,0.28817984305572353,0.21309977024196186,0.41248286170605003,0.6767783601668319,0.11775449913370645,0.6668548168968378,0.048350837384272816,0.725865343128885,0.4651067418304103,0.3813817717607052,0.43721042774183294,0.29792939944703917,0.5701248239142238
MT_all,3242,281468.73,25,ipsl-cm6a-lr,2021-2040_ssp370,1.678163601,0.45396007199509864,0.22092376808796826,0.4646516358236388,0.14960125579260936,0.52732745573495,0.6789715832050199,0.1210670384809425,0.6663220233818581,0.048039512045381205,0.7250725834177978,0.6666705028235855,0.31666264283799406,0.66814594054942,0.19713588982051702,0.7272774202968888
MT_all,3242,281468.73,26,ipsl-cm6a-lr,2041-2060_ssp370,2.594826972,0.24185538184881247,0.22250198956897826,0.21316685951953035,0.1627229116901953,0.3584826959366795,0.6789715832050199,0.1210670384809425,0.6663220233818581,0.048039512045381205,0.7250725834177978,0.35869589707599614,0.32399055473509814,0.32272384126933107,0.23395955202383467,0.4938208406419683
MT_all,3242,281468.73,27,ipsl-cm6a-lr,2061-2080_ssp370,3.513114684,0.17700507878568408,0.21085936082202134,0.10711271012230515,0.10711271012230515,0.25115331700350313,0.6789715832050199,0.1210670384809425,0.6663220233818581,0.048039512045381205,0.7250725834177978,0.2609258722595683,0.30659379838189643,0.17070363982838366,0.17070363982838366,0.3449714418789334
MT_all,3242,281468.73,28,ipsl-cm6a-lr,2081-2100_ssp370,4.677751369,0.0980038542240522,0.16619106102788314,0.015133721962662501,0.015133721962662501,0.1681825299460402,0.6789715832050199,0.1210670384809425,0.6663220233818581,0.048039512045381205,0.7250725834177978,0.14347386721511526,0.2411330438602219,0.024047978179888834,0.024047978179888834,0.22984638336496976
MT_all,3242,281468.73,29,ipsl-cm6a-lr,2021-2040_ssp585,1.66491004,0.44616040592108747,0.22390491067247292,0.47141240738031753,0.15415173743488464,0.5038070605617575,0.6809276295734306,0.12289770276792596,0.6651434903556825,0.05415978678540756,0.7212054437792983,0.6513809789871593,0.3181377978242821,0.6586127275932026,0.19655052847979182,0.6931430246466164
MT_all,3242,281468.73,30,ipsl-cm6a-lr,2041-2060_ssp585,2.84393776,0.20824092161131272,0.2162501259715459,0.16144374699416794,0.15941755877034874,0.3384367495560838,0.6809276295734306,0.12289770276792596,0.6651434903556825,0.05415978678540756,0.7212054437792983,0.3086068452823973,0.3178161091476565,0.25205103785128447,0.2390376043331875,0.46761571055613377
MT_all,3242,281468.73,31,ipsl-cm6a-lr,2061-2080_ssp585,4.160098437,0.11924960279235139,0.17755609055450972,0.041007935184678254,0.041007935184678254,0.18689653106184193,0.6809276295734306,0.12289770276792596,0.6651434903556825,0.05415978678540756,0.7212054437792983,0.175838138877201,0.2592604758387973,0.06327188199669279,0.06327188199669279,0.2558518022268742
MT_all,3242,281468.73,32,ipsl-cm6a-lr,2081-2100_ssp585,5.849305066,0.061617280191933604,0.1456117986686707,0.0,0.0,0.11110697631126684,0.6809276295734306,0.12289770276792596,0.6651434903556825,0.05415978678540756,0.7212054437792983,0.09066940916819922,0.21507130120361134,0.0,0.0,0.15323536148127598
MT_all,3242,281468.73,33,mpi-esm1-2-hr,1851-1870_hist,0.083373661,0.7174976505303458,0.20497354943657098,0.7731824790215782,0.13454007621287412,0.7427075037299182,0.679193210568871,0.12484585730789458,0.6655180257980581,0.04864560712667432,0.720492091562398,1.0727885550046818,0.3357754980895256,1.0947813576984113,0.17212942919281515,1.0447303087621844
MT_all,3242,281468.73,34,mpi-esm1-2-hr,1901-1920_hist,0.101656085,0.7474797578992703,0.21797333338005281,0.8155098907712598,0.13394511178192975,0.7718933266437281,0.679193210568871,0.12484585730789458,0.6655180257980581,0.04864560712667432,0.720492091562398,1.12023145058441,0.36086698039956133,1.1369754719023821,0.20116128214885176,1.0860508102121906
MT_all,3242,281468.73,35,mpi-esm1-2-hr,1951-1970_hist,0.353009146,0.6747517369614326,0.2149660802019171,0.7106696109999394,0.15294498273667667,0.7236002681075309,0.679193210568871,0.12484585730789458,0.6655180257980581,0.04864560712667432,0.720492091562398,0.9981440850041605,0.2935890591993916,1.0266379768325953,0.1643375491614983,1.0118882341975344
MT_all,3242,281468.73,36,mpi-esm1-2-hr,1995-2014_hist,0.904939372,0.6027882017115871,0.22494320030999645,0.6453502296050898,0.16596006210168768,0.6640479469659293,0.679193210568871,0.12484585730789458,0.6655180257980581,0.04864560712667432,0.720492091562398,0.8855290253476857,0.30488230771127356,0.9312037690692412,0.18395255614267153,0.9244107315059004
MT_all,3242,281468.73,37,mpi-esm1-2-hr,2021-2040_ssp126,1.469113359,0.46517721109217736,0.2368523717234763,0.4931373646385187,0.17720516334547742,0.57861221153649,0.679193210568871,0.12484585730789458,0.6655180257980581,0.04864560712667432,0.720492091562398,0.6746204451178539,0.32130732098685,0.7165068998407751,0.21792385094841277,0.7999729335821529
MT_all,3242,281468.73,38,mpi-esm1-2-hr,2041-2060_ssp126,1.656830929,0.44465454135175786,0.2354364507725258,0.4737076890134805,0.17379372364082507,0.55281124562559,0.679193210568871,0.12484585730789458,0.6655180257980581,0.04864560712667432,0.720492091562398,0.6496267750147997,0.3352056047264369,0.6677877601146656,0.21653688640112265,0.76735749199772
MT_all,3242,281468.73,39,mpi-esm1-2-hr,2061-2080_ssp126,1.695689732,0.429283197551331,0.23304856313307512,0.45511171392008765,0.17055853739950977,0.5334447572817568,0.679193210568871,0.12484585730789458,0.6655180257980581,0.04864560712667432,0.720492091562398,0.6260920409935925,0.33183896161912985,0.6488949733771373,0.2135602582456047,0.7367060682150411
MT_all,3242,281468.73,40,mpi-esm1-2-hr,2081-2100_ssp126,1.659995843,0.3759269878161138,0.24167398161415096,0.3928155860674235,0.1887417520786322,0.5322568335719806,0.679193210568871,0.12484585730789458,0.6655180257980581,0.04864560712667432,0.720492091562398,0.5422920527771501,0.3364241062919376,0.5692714229285485,0.23693670391893337,0.7364092594627202
MT_all,3242,281468.73,41,mpi-esm1-2-hr,2021-2040_ssp370,1.493779364,0.4611215087241611,0.24558398383498276,0.4860809322182415,0.1879354748008963,0.5909911177391942,0.6721303785201075,0.12671483329270708,0.6528297866946767,0.053472210941508114,0.7259666847824333,0.6780487673432725,0.3471944116341705,0.7008735198536543,0.23902452751226802,0.8194893408979689
MT_all,3242,281468.73,42,mpi-esm1-2-hr,2041-2060_ssp370,2.092677072,0.29162417134297614,0.23142914106888446,0.2668800401403071,0.17357134384883013,0.45908038845237603,0.6721303785201075,0.12671483329270708,0.6528297866946767,0.053472210941508114,0.7259666847824333,0.4281171079690584,0.3345544100772139,0.40880493748843716,0.23630537860326872,0.6363948742084669
MT_all,3242,281468.73,43,mpi-esm1-2-hr,2061-2080_ssp370,2.718960922,0.23008018245867173,0.2186343203076065,0.1547015099644907,0.15019620133492906,0.4019982822272589,0.6721303785201075,0.12671483329270708,0.6528297866946767,0.053472210941508114,0.7259666847824333,0.33444531114802484,0.3139060429266692,0.23421627705715653,0.2158813855470942,0.5552021394297479
MT_all,3242,281468.73,44,mpi-esm1-2-hr,2081-2100_ssp370,3.454510652,0.17081758672892872,0.19840017149049,0.08233573983511334,0.08233573983511334,0.32238169349061374,0.6721303785201075,0.12671483329270708,0.6528297866946767,0.053472210941508114,0.7259666847824333,0.24674998298549278,0.2806415025096596,0.12562212777504542,0.12562212777504542,0.44138920111503205
MT_all,3242,281468.73,45,mpi-esm1-2-hr,2021-2040_ssp585,1.528303178,0.4908572529178011,0.23565091307071293,0.5259515862477215,0.1788893917327004,0.5812171605013288,0.6837642254297522,0.12714671153102214,0.6667417124818225,0.05540621706780552,0.7326110955919481,0.7108474518336636,0.3348101274918114,0.7572830602510701,0.21319635274058324,0.7936456579751955
MT_all,3242,281468.73,46,mpi-esm1-2-hr,2041-2060_ssp585,2.139652727,0.37082490784450944,0.236603766090186,0.38418742448060184,0.17496439747698184,0.49134510170744367,0.6837642254297522,0.12714671153102214,0.6667417124818225,0.05540621706780552,0.7326110955919481,0.5393461025286139,0.3499003680356443,0.5484046601482735,0.2354424285725657,0.6753389549396526
MT_all,3242,281468.73,47,mpi-esm1-2-hr,2061-2080_ssp585,2.950347,0.27791195335183266,0.23208820976641095,0.2728538186249355,0.19113601959061546,0.39524916724913955,0.6837642254297522,0.12714671153102214,0.6667417124818225,0.05540621706780552,0.7326110955919481,0.40155266326085043,0.34766831241727914,0.40316265533495527,0.25410439036634924,0.5371493656775961
MT_all,3242,281468.73,48,mpi-esm1-2-hr,2081-2100_ssp585,3.99079854,0.13760333075062944,0.18133931675063963,0.07036816730073835,0.07036816730073835,0.2779748839370414,0.6837642254297522,0.12714671153102214,0.6667417124818225,0.05540621706780552,0.7326110955919481,0.19746526050169466,0.2546523778567318,0.10554037040641404,0.10554037040641404,0.3757183605712255
MT_all,3242,281468.73,49,mri-esm2-0,1851-1870_hist,0.190948213,0.7851840828522543,0.19720063921888523,0.8536359094749836,0.1114523843985632,0.7743236792498738,0.6738826082878514,0.125551084034026,0.6568268883768571,0.05426227777853809,0.7238437555735501,1.1950562062892967,0.4079769852761232,1.1965501929663647,0.1658027417456206,1.086995522500931
MT_all,3242,281468.73,50,mri-esm2-0,1901-1920_hist,0.252478266,0.7481774762010526,0.20797899571217504,0.8021604877269466,0.134290822523624,0.7878728588392244,0.6738826082878514,0.125551084034026,0.6568268883768571,0.05426227777853809,0.7238437555735501,1.1297167466047315,0.3834084040714062,1.150138393097818,0.15420863430330511,1.1027618622804334
MT_all,3242,281468.73,51,mri-esm2-0,1951-1970_hist,0.382652065,0.722073761185179,0.21339719352979816,0.779497547828707,0.14702765700325493,0.7480948816166594,0.6738826082878514,0.125551084034026,0.6568268883768571,0.05426227777853809,0.7238437555735501,1.084897452031564,0.350148582727069,1.1152105449380676,0.1736968536718529,1.0469778485154255
MT_all,3242,281468.73,52,mri-esm2-0,1995-2014_hist,0.922248887,0.6111297113585451,0.2256547082530825,0.6478296303686479,0.16837809344148127,0.6911851347943307,0.6738826082878514,0.125551084034026,0.6568268883768571,0.05426227777853809,0.7238437555735501,0.903228113648322,0.3051323751714029,0.9335964523113727,0.1824273826877696,0.9592410462719112
MT_all,3242,281468.73,53,mri-esm2-0,2021-2040_ssp126,1.72632431,0.37975113343667116,0.2289101076162373,0.4038552899944978,0.17216819351331109,0.4988776964310368,0.6738826082878514,0.125551084034026,0.6568268883768571,0.05426227777853809,0.7238437555735501,0.5543775741713998,0.3294308732112347,0.569730986207842,0.21827477603766496,0.691720228987845
MT_all,3242,281468.73,54,mri-esm2-0,2041-2060_ssp126,1.996245332,0.3642955416912359,0.24119608477993923,0.36255048167153825,0.17538408147918028,0.4541477876917806,0.6738826082878514,0.125551084034026,0.6568268883768571,0.05426227777853809,0.7238437555735501,0.5399301151801278,0.35241251464398443,0.5330407666371924,0.2416694662409393,0.6338947153625197
MT_all,3242,281468.73,55,mri-esm2-0,2061-2080_ssp126,2.09126599,0.3765986495821972,0.24305330853081936,0.38103034973427763,0.1718379668034739,0.4408871615427923,0.6738826082878514,0.125551084034026,0.6568268883768571,0.05426227777853809,0.7238437555735501,0.5596436138663308,0.3513030527394959,0.5651609717892694,0.23307470764903776,0.6152357782475353
MT_all,3242,281468.73,56,mri-esm2-0,2081-2100_ssp126,1.94778826,0.3491596222167865,0.2245028649088832,0.35789335597126215,0.15739923935416705,0.4596591448636888,0.6738826082878514,0.125551084034026,0.6568268883768571,0.05426227777853809,0.7238437555735501,0.511615336920632,0.3209230744906919,0.544882315728097,0.20966768391993185,0.6341401791267484
MT_all,3242,281468.73,57,mri-esm2-0,2021-2040_ssp370,1.705488886,0.4601403532675404,0.22541132662960695,0.4916780049529441,0.16352173248642932,0.5484854125189419,0.6815277122596721,0.12391795503023183,0.670447665616059,0.05245179834338615,0.7281387619041992,0.6734451385997515,0.3509549947223458,0.6925241067025409,0.2092912920845748,0.7539504827373168
MT_all,3242,281468.73,58,mri-esm2-0,2041-2060_ssp370,2.404955866,0.29902878314274745,0.22540225629145436,0.3115163307925608,0.17193553933895256,0.40188427971911056,0.6815277122596721,0.12391795503023183,0.670447665616059,0.05245179834338615,0.7281387619041992,0.43897401654966195,0.388798304318826,0.4516318154853443,0.23554849660960792,0.5515200802038982
MT_all,3242,281468.73,59,mri-esm2-0,2061-2080_ssp370,3.105613809,0.16651429162266485,0.20402253877385818,0.0982598402227125,0.0982598402227125,0.2842832697940057,0.6815277122596721,0.12391795503023183,0.670447665616059,0.05245179834338615,0.7281387619041992,0.24158660012189376,0.29584524260059325,0.14655855372756618,0.14655855372756618,0.3889112656613745
MT_all,3242,281468.73,60,mri-esm2-0,2081-2100_ssp370,3.811452497,0.1158142042781071,0.17071404845946309,0.0491772927725032,0.0491772927725032,0.21356695577360207,0.6815277122596721,0.12391795503023183,0.670447665616059,0.05245179834338615,0.7281387619041992,0.1667433911078502,0.24268281780287962,0.07306062768459229,0.07306062768459229,0.2898779056228486
MT_all,3242,281468.73,61,mri-esm2-0,2021-2040_ssp585,1.911734937,0.38502209393273373,0.22613881047511236,0.39798298910820973,0.15669085738716326,0.4690441600493568,0.6731112709262033,0.12422950540446466,0.6542772267154062,0.05149470804110412,0.7174365069814188,0.5701789996438639,0.3361276688697397,0.5729822421803616,0.21534176431755234,0.653471221630925
MT_all,3242,281468.73,62,mri-esm2-0,2041-2060_ssp585,2.687007085,0.22378086350293133,0.21955925148097408,0.1848409723501265,0.16448747522953766,0.3410068523575469,0.6731112709262033,0.12422950540446466,0.6542772267154062,0.05149470804110412,0.7174365069814188,0.33426805826100586,0.3307484799159175,0.27914153415513243,0.2425690567896931,0.4815434506883388
MT_all,3242,281468.73,63,mri-esm2-0,2061-2080_ssp585,3.541685939,0.1336340714543548,0.18856699627032386,0.039027443660210104,0.039027443660210104,0.21945402932546693,0.6731112709262033,0.12422950540446466,0.6542772267154062,0.05149470804110412,0.7174365069814188,0.19444642359420852,0.2677709897811471,0.059649705150422484,0.059649705150422484,0.30121701141126117
MT_all,3242,281468.73,64,mri-esm2-0,2081-2100_ssp585,4.594325176,0.06628116137519337,0.12424771436151386,0.0,0.0,0.12735584734772132,0.6731112709262033,0.12422950540446466,0.6542772267154062,0.05149470804110412,0.7174365069814188,0.09902650296108091,0.18577174880545388,0.0,0.0,0.1758820581483782
MT_all,3242,281468.73,65,ukesm1-0-ll,1851-1870_hist,0.373094842,0.7491026988083909,0.20541430863529161,0.8194921657685363,0.10767555450912447,0.7433138193217673,0.6747420418147769,0.12613882274647473,0.6519794599317986,0.05686281301333462,0.721363519026062,1.1448064203103858,0.3988066973848488,1.1581471397710597,0.19565848033328137,1.0463752353847482
MT_all,3242,281468.73,66,ukesm1-0-ll,1901-1920_hist,0.353528895,0.7849356593132694,0.19895519638080916,0.8602804180531403,0.09820057915193131,0.7625019828331042,0.6747420418147769,0.12613882274647473,0.6519794599317986,0.05686281301333462,0.721363519026062,1.2020198703783809,0.4229995497184272,1.2086324447141235,0.18995015915293234,1.0705850293137278
MT_all,3242,281468.73,67,ukesm1-0-ll,1951-1970_hist,0.23742077,0.7520139787597923,0.1975909675248131,0.7974489154293853,0.11382876987286805,0.7518414603410143,0.6747420418147769,0.12613882274647473,0.6519794599317986,0.05686281301333462,0.721363519026062,1.149640387116252,0.40704018426948674,1.1637944827349715,0.18496260801554448,1.0551088462453466
MT_all,3242,281468.73,68,ukesm1-0-ll,1995-2014_hist,1.058767333,0.6236260784651335,0.2230123052322423,0.6732866941248983,0.15463424380846325,0.687108547011507,0.6747420418147769,0.12613882274647473,0.6519794599317986,0.05686281301333462,0.721363519026062,0.9289561414272905,0.3250488586799953,0.9746331170875411,0.17612044754325762,0.9599069781920448
MT_all,3242,281468.73,69,ukesm1-0-ll,2021-2040_ssp126,2.176143904,0.402592639533586,0.2538029294066383,0.42126827418779467,0.1947382991602195,0.49125074987499695,0.6747420418147769,0.12613882274647473,0.6519794599317986,0.05686281301333462,0.721363519026062,0.6008024796356461,0.38886045545623443,0.6182942749038697,0.25996543331211996,0.6921568922397947
MT_all,3242,281468.73,70,ukesm1-0-ll,2041-2060_ssp126,2.739835015,0.273750759308838,0.2640562654660559,0.22112492024028474,0.21241945755612018,0.3892703759254414,0.6747420418147769,0.12613882274647473,0.6519794599317986,0.05686281301333462,0.721363519026062,0.4146543920646507,0.40724961437338,0.350346985284703,0.31349542707113365,0.5506450761173372
MT_all,3242,281468.73,71,ukesm1-0-ll,2061-2080_ssp126,2.951472593,0.26517003379583204,0.2694836579919105,0.1970494063803736,0.1970494063803736,0.36723342423328975,0.6747420418147769,0.12613882274647473,0.6519794599317986,0.05686281301333462,0.721363519026062,0.40111682009459965,0.4073299825394759,0.3033823875791962,0.3033823875791962,0.5211237017465148
MT_all,3242,281468.73,72,ukesm1-0-ll,2081-2100_ssp126,3.038482623,0.2423970510579438,0.2710885024558322,0.1430425238808601,0.1430425238808601,0.3303487679330225,0.6747420418147769,0.12613882274647473,0.6519794599317986,0.05686281301333462,0.721363519026062,0.3708464393801403,0.425683863242674,0.2219695629447181,0.2219695629447181,0.46955267689378727
MT_all,3242,281468.73,73,ukesm1-0-ll,2021-2040_ssp370,2.32331738,0.40757504568308117,0.2564970818176937,0.4136858563783842,0.18168031548380537,0.493890042110457,0.6749943797157485,0.1306407696002202,0.6549103316379842,0.05425689135213291,0.7260359526156006,0.609671523917471,0.38860987749848264,0.6065874199276395,0.24153984476404045,0.6945087455895854
MT_all,3242,281468.73,74,ukesm1-0-ll,2041-2060_ssp370,3.414120006,0.17572558413396183,0.21431107899186358,0.10191030150746244,0.10191030150746244,0.28538187152703215,0.6749943797157485,0.1306407696002202,0.6549103316379842,0.05425689135213291,0.7260359526156006,0.2600312439057806,0.3178332543885632,0.16398721922530282,0.16398721922530282,0.40026862528141804
MT_all,3242,281468.73,75,ukesm1-0-ll,2061-2080_ssp370,4.439976801,0.10584803867195318,0.17794342989593068,0.016694984429741398,0.016694984429741398,0.18293194400496057,0.6749943797157485,0.1306407696002202,0.6549103316379842,0.05425689135213291,0.7260359526156006,0.15787292947465886,0.2675383391568721,0.028013274478461195,0.028013274478461195,0.26007079188956317
MT_all,3242,281468.73,76,ukesm1-0-ll,2081-2100_ssp370,5.840495128,0.03437121595806857,0.09709554980225592,0.0,0.0,0.07024382574144869,0.6749943797157485,0.1306407696002202,0.6549103316379842,0.05425689135213291,0.7260359526156006,0.05084090582742704,0.14296476909312802,0.0,0.0,0.09932324697447768
MT_all,3242,281468.73,77,ukesm1-0-ll,2021-2040_ssp585,2.319732626,0.3616464355524757,0.2556046528759218,0.36056612201994004,0.20090737145150037,0.48533380709160556,0.6753689915825545,0.12900865414114815,0.6520035086936772,0.05262683983635741,0.7249438512742904,0.5306882286802215,0.3667291893768224,0.528468496404461,0.2600300432411077,0.6779398456783757
MT_all,3242,281468.73,78,ukesm1-0-ll,2041-2060_ssp585,3.646967578,0.1700131296283757,0.21789238678268782,0.0917490772344103,0.0917490772344103,0.2885563658220507,0.6753689915825545,0.12900865414114815,0.6520035086936772,0.05262683983635741,0.7249438512742904,0.2553578124546502,0.32761893930756636,0.14149084459576594,0.14149084459576594,0.4107614741054382
MT_all,3242,281468.73,79,ukesm1-0-ll,2061-2080_ssp585,5.230543689,0.07828127140455578,0.1622421944096949,0.0,0.0,0.14441917418318373,0.6753689915825545,0.12900865414114815,0.6520035086936772,0.05262683983635741,0.7249438512742904,0.11688189320111346,0.24072315750235326,0.0,0.0,0.20591674565530305
MT_all,3242,281468.73,80,ukesm1-0-ll,2081-2100_ssp585,6.884361024,0.019368740554885785,0.07266324641038427,0.0,0.0,0.046951045404729636,0.6753689915825545,0.12900865414114815,0.6520035086936772,0.05262683983635741,0.7249438512742904,0.02898359227382506,0.10729119369169104,0.0,0.0,0.06807930606649175
