temp_ch_ipcc,0.05,0.17,0.25,0.5,0.75,0.83,0.95,frac,it,N,final_num_fits,fit_opt,y,source_input,x_col,y_col
-0.1,0.6451787833785416,0.6454243277348823,0.6455707610864309,0.6482873833587192,0.6487455250639698,0.6490546193847548,0.6487817514216573,0.9899999999999995,2,500,2000,lowess_fit,,/g/data/rd53/wy2165/disequilibrium/pygem_oggm/PyGEM_global_stats_median_k.csv,temp_ch_ipcc,AAR_steady_area_weighted_mean
-0.05,0.6451757693137702,0.6454276489338269,0.6455746030167674,0.6482855672704946,0.6487552605131045,0.6490592017414689,0.6488427690472808,0.9899999999999995,2,500,2000,lowess_fit,,/g/data/rd53/wy2165/disequilibrium/pygem_oggm/PyGEM_global_stats_median_k.csv,temp_ch_ipcc,AAR_steady_area_weighted_mean
0.0,0.6451609338903473,0.6454203002000204,0.6455785065254427,0.6482839764566477,0.6487650538248028,0.6490639997705949,0.6489059898558527,0.9899999999999995,2,500,2000,lowess_fit,,/g/data/rd53/wy2165/disequilibrium/pygem_oggm/PyGEM_global_stats_median_k.csv,temp_ch_ipcc,AAR_steady_area_weighted_mean
0.05000000000000002,0.6451254385274559,0.6453933719900506,0.6455825081687543,0.6482827710492841,0.6487750212175338,0.649069222808375,0.648973013311031,0.9899999999999995,2,500,2000,lowess_fit,,/g/data/rd53/wy2165/disequilibrium/pygem_oggm/PyGEM_global_stats_median_k.csv,temp_ch_ipcc,AAR_steady_area_weighted_mean
0.1,0.6450626660606611,0.6453397369995447,0.6455866340773302,0.6482820542140059,0.6487852325740664,0.6490750224552867,0.6490450389863833,0.9899999999999995,2,500,2000,lowess_fit,,/g/data/rd53/wy2165/disequilibrium/pygem_oggm/PyGEM_global_stats_median_k.csv,temp_ch_ipcc,AAR_steady_area_weighted_mean
0.15,0.6449679750571569,0.6452539111110749,0.6455909012173103,0.6482818806405598,0.6487957190875553,0.6490814995425364,0.6491229098363802,0.9899999999999995,2,500,2000,lowess_fit,,/g/data/rd53/wy2165/disequilibrium/pygem_oggm/PyGEM_global_stats_median_k.csv,temp_ch_ipcc,AAR_steady_area_weighted_mean
0.20000000000000004,0.6448384741225978,0.6451319237713256,0.6455953185507679,0.6482822642409364,0.6488064801300522,0.6490887104900094,0.6492071520407671,0.9899999999999995,2,500,2000,lowess_fit,,/g/data/rd53/wy2165/disequilibrium/pygem_oggm/PyGEM_global_stats_median_k.csv,temp_ch_ipcc,AAR_steady_area_weighted_mean
0.25,0.6446728055498541,0.6449711878426461,0.6455998881429825,0.6482831852810853,0.6488174895258086,0.649096673350256,0.6492980133396079,0.9899999999999995,2,500,2000,lowess_fit,,/g/data/rd53/wy2165/disequilibrium/pygem_oggm/PyGEM_global_stats_median_k.csv,temp_ch_ipcc,AAR_steady_area_weighted_mean
0.30000000000000004,0.6444709334084185,0.6447703639591179,0.6456046062352484,0.6482845970416196,0.6488287013116295,0.6491053736524462,0.6493955007376809,0.9899999999999995,2,500,2000,lowess_fit,,/g/data/rd53/wy2165/disequilibrium/pygem_oggm/PyGEM_global_stats_median_k.csv,temp_ch_ipcc,AAR_steady_area_weighted_mean
0.35,0.6442339351628373,0.6445292181072917,0.645609464285053,0.6482864320215955,0.6488400549846183,0.6491147700554295,0.6494994177334891,0.9899999999999995,2,500,2000,lowess_fit,,/g/data/rd53/wy2165/disequilibrium/pygem_oggm/PyGEM_global_stats_median_k.csv,temp_ch_ipcc,AAR_steady_area_weighted_mean
0.4,0.6439637984773788,0.6442484737406369,0.6456144499672789,0.648288607640357,0.6488514802204247,0.6491247997658318,0.6496094007619959,0.9899999999999995,2,500,2000,lowess_fit,,/g/data/rd53/wy2165/disequilibrium/pygem_oggm/PyGEM_global_stats_median_k.csv,temp_ch_ipcc,AAR_steady_area_weighted_mean
0.45000000000000007,0.643663226276157,0.6439296613480457,0.6456195481113515,0.6482910313951924,0.6488629010392358,0.6491353836521044,0.6497249542834365,0.9899999999999995,2,500,2000,lowess_fit,,/g/data/rd53/wy2165/disequilibrium/pygem_oggm/PyGEM_global_stats_median_k.csv,temp_ch_ipcc,AAR_steady_area_weighted_mean
0.5000000000000001,0.6433354536064255,0.6435749692264215,0.6456247415579226,0.6482936054102508,0.6488742393912394,0.6491464309743332,0.6498454838622248,0.9899999999999995,2,500,2000,lowess_fit,,/g/data/rd53/wy2165/disequilibrium/pygem_oggm/PyGEM_global_stats_median_k.csv,temp_ch_ipcc,AAR_steady_area_weighted_mean
0.55,0.6429840796609672,0.6431870993738653,0.6456300119325532,0.6482962303371361,0.6488854181491938,0.6491578436435187,0.6499703266069036,0.9899999999999995,2,500,2000,lowess_fit,,/g/data/rd53/wy2165/disequilibrium/pygem_oggm/PyGEM_global_stats_median_k.csv,temp_ch_ipcc,AAR_steady_area_weighted_mean
0.6000000000000001,0.6426129176775398,0.6427691320811654,0.6456353403316887,0.6482988086008219,0.6488963635174303,0.6491695199632016,0.6500987784480542,0.9899999999999995,2,500,2000,lowess_fit,,/g/data/rd53/wy2165/disequilibrium/pygem_oggm/PyGEM_global_stats_median_k.csv,temp_ch_ipcc,AAR_steady_area_weighted_mean
0.65,0.6422258645406227,0.6423244021430052,0.6456407078969343,0.6483012469936367,0.6489070068831169,0.6491813578536628,0.6502301179000259,0.9899999999999995,2,500,2000,lowess_fit,,/g/data/rd53/wy2165/disequilibrium/pygem_oggm/PyGEM_global_stats_median_k.csv,temp_ch_ipcc,AAR_steady_area_weighted_mean
0.7000000000000001,0.6418267909426181,0.6418563888175606,0.645646096281987,0.6483034586460392,0.6489172861444713,0.6491932574919455,0.6503636261575546,0.9899999999999995,2,500,2000,lowess_fit,,/g/data/rd53/wy2165/disequilibrium/pygem_oggm/PyGEM_global_stats_median_k.csv,temp_ch_ipcc,AAR_steady_area_weighted_mean
0.7500000000000001,0.6414194520284991,0.6413686207893773,0.6456514880254429,0.6483053644344052,0.6489271465740459,0.6492051233796389,0.6504986035205137,0.9899999999999995,2,500,2000,lowess_fit,,/g/data/rd53/wy2165/disequilibrium/pygem_oggm/PyGEM_global_stats_median_k.csv,temp_ch_ipcc,AAR_steady_area_weighted_mean
0.8,0.6410074176486978,0.6408645965509553,0.6456568668307086,0.6483068938838702,0.6489365412807375,0.6492168658921917,0.6506343822755176,0.9899999999999995,2,500,2000,lowess_fit,,/g/data/rd53/wy2165/disequilibrium/pygem_oggm/PyGEM_global_stats_median_k.csv,temp_ch_ipcc,AAR_steady_area_weighted_mean
0.8500000000000001,0.6405940207257258,0.6403477199190483,0.6456622177582158,0.648307985636429,0.6489454313346513,0.6492284023576244,0.6507703362944959,0.9899999999999995,2,500,2000,lowess_fit,,/g/data/rd53/wy2165/disequilibrium/pygem_oggm/PyGEM_global_stats_median_k.csv,temp_ch_ipcc,AAR_steady_area_weighted_mean
0.9,0.6401823218073689,0.6398212498519759,0.6456675273424324,0.6483085875622945,0.6489537856252507,0.6492396577587581,0.6509058876897748,0.9899999999999995,2,500,2000,lowess_fit,,/g/data/rd53/wy2165/disequilibrium/pygem_oggm/PyGEM_global_stats_median_k.csv,temp_ch_ipcc,AAR_steady_area_weighted_mean
0.9500000000000001,0.6397750876276063,0.6392882633153758,0.6456727836484427,0.648308656582553,0.6489615805156445,0.6492505651072824,0.651040510915489,0.9899999999999995,2,500,2000,lowess_fit,,/g/data/rd53/wy2165/disequilibrium/pygem_oggm/PyGEM_global_stats_median_k.csv,temp_ch_ipcc,AAR_steady_area_weighted_mean
1.0,0.639374781425924,0.6387516296951861,0.6456779762777488,0.6483081582648084,0.6489687993490385,0.649261065525419,0.6511737347396789,0.9899999999999995,2,500,2000,lowess_fit,,/g/data/rd53/wy2165/disequilibrium/pygem_oggm/PyGEM_global_stats_median_k.csv,temp_ch_ipcc,AAR_steady_area_weighted_mean
1.05,0.6389835628127766,0.6382139951405765,0.6456830963335641,0.6483070662647977,0.6489754318582754,0.6492711081014548,0.651305142456681,0.9899999999999995,2,500,2000,lowess_fit,,/g/data/rd53/wy2165/disequilibrium/pygem_oggm/PyGEM_global_stats_median_k.csv,temp_ch_ipcc,AAR_steady_area_weighted_mean
1.1,0.6386032951115471,0.637677775187212,0.6456881363556185,0.648305361667011,0.6489814735225756,0.6492806495742532,0.6514343707158713,0.9899999999999995,2,500,2000,lowess_fit,,/g/data/rd53/wy2165/disequilibrium/pygem_oggm/PyGEM_global_stats_median_k.csv,temp_ch_ipcc,AAR_steady_area_weighted_mean
1.15,0.6382355583124978,0.6371451541016432,0.6456930902357283,0.6483030322649563,0.6489869248974276,0.6492896538928086,0.6515611073103099,0.9899999999999995,2,500,2000,lowess_fit,,/g/data/rd53/wy2165/disequilibrium/pygem_oggm/PyGEM_global_stats_median_k.csv,temp_ch_ipcc,AAR_steady_area_weighted_mean
1.2,0.6378816660104016,0.6366180894900338,0.6456979531198193,0.6483000718198105,0.6489917909445774,0.6492980916887452,0.6516850882225057,0.9899999999999995,2,500,2000,lowess_fit,,/g/data/rd53/wy2165/disequilibrium/pygem_oggm/PyGEM_global_stats_median_k.csv,temp_ch_ipcc,AAR_steady_area_weighted_mean
1.25,0.6375426849440299,0.6360983208670358,0.6457027212940769,0.6482964793227797,0.6489960803809854,0.6493059397046306,0.6518060941704499,0.9899999999999995,2,500,2000,lowess_fit,,/g/data/rd53/wy2165/disequilibrium/pygem_oggm/PyGEM_global_stats_median_k.csv,temp_ch_ipcc,AAR_steady_area_weighted_mean
1.3,0.6372194560026337,0.6355873810741945,0.6457073920708291,0.6482922582863079,0.6489998050643716,0.6493131802035639,0.6519239468710842,0.9899999999999995,2,500,2000,lowess_fit,,/g/data/rd53/wy2165/disequilibrium/pygem_oggm/PyGEM_global_stats_median_k.csv,temp_ch_ipcc,AAR_steady_area_weighted_mean
1.35,0.6369126157926219,0.6350866095961898,0.6457119636724236,0.6482874160662503,0.649002979426202,0.6493198003781848,0.6520385051751811,0.9899999999999995,2,500,2000,lowess_fit,,/g/data/rd53/wy2165/disequilibrium/pygem_oggm/PyGEM_global_stats_median_k.csv,temp_ch_ipcc,AAR_steady_area_weighted_mean
1.4,0.6366226180690209,0.6345971669894074,0.645716435118106,0.6482819632268072,0.6490056199542067,0.6493257917752396,0.6521496612130139,0.9899999999999995,2,500,2000,lowess_fit,,/g/data/rd53/wy2165/disequilibrium/pygem_oggm/PyGEM_global_stats_median_k.csv,temp_ch_ipcc,AAR_steady_area_weighted_mean
1.45,0.6363497545101371,0.6341200498295294,0.6457208061262313,0.6482759129606257,0.6490077447213792,0.6493311497500357,0.6522573366837647,0.9899999999999995,2,500,2000,lowess_fit,,/g/data/rd53/wy2165/disequilibrium/pygem_oggm/PyGEM_global_stats_median_k.csv,temp_ch_ipcc,AAR_steady_area_weighted_mean
1.5,0.6360941744572159,0.633656105680925,0.6457250770206773,0.6482692805654802,0.6490093729718266,0.6493358729597271,0.6523614793122801,0.9899999999999995,2,500,2000,lowess_fit,,/g/data/rd53/wy2165/disequilibrium/pygem_oggm/PyGEM_global_stats_median_k.csv,temp_ch_ipcc,AAR_steady_area_weighted_mean
1.55,0.6358559033776894,0.6332060477096181,0.6457292486376354,0.6482620829773774,0.6490105247615029,0.6493399628880319,0.652462059507347,0.9899999999999995,2,500,2000,lowess_fit,,/g/data/rd53/wy2165/disequilibrium/pygem_oggm/PyGEM_global_stats_median_k.csv,temp_ch_ipcc,AAR_steady_area_weighted_mean
1.6,0.6356348599048034,0.6327704686725975,0.6457333222403344,0.6482543383585145,0.6490112206441584,0.6493434234064773,0.652559067251469,0.9899999999999995,2,500,2000,lowess_fit,,/g/data/rd53/wy2165/disequilibrium/pygem_oggm/PyGEM_global_stats_median_k.csv,temp_ch_ipcc,AAR_steady_area_weighted_mean
1.65,0.6354308713863059,0.6323498541119092,0.6457372994475052,0.6482460657408912,0.6490114814028631,0.6493462603826192,0.652652509287178,0.9899999999999995,2,500,2000,lowess_fit,,/g/data/rd53/wy2165/disequilibrium/pygem_oggm/PyGEM_global_stats_median_k.csv,temp_ch_ipcc,AAR_steady_area_weighted_mean
1.7,0.6352436879342079,0.6319445946448018,0.6457411821732383,0.6482372847297582,0.6490113278242409,0.6493484813337445,0.6527424065849654,0.9899999999999995,2,500,2000,lowess_fit,,/g/data/rd53/wy2165/disequilibrium/pygem_oggm/PyGEM_global_stats_median_k.csv,temp_ch_ipcc,AAR_steady_area_weighted_mean
1.75,0.6350729950123373,0.6315549972767087,0.6457449725710999,0.6482280152362359,0.6490107805092347,0.649350095121766,0.6528287920631825,0.9899999999999995,2,500,2000,lowess_fit,,/g/data/rd53/wy2165/disequilibrium/pygem_oggm/PyGEM_global_stats_median_k.csv,temp_ch_ipcc,AAR_steady_area_weighted_mean
1.8,0.6349184246253373,0.6311812957121592,0.6457486729780705,0.648218277242824,0.6490098597160068,0.6493511116845556,0.6529117085557633,0.9899999999999995,2,500,2000,lowess_fit,,/g/data/rd53/wy2165/disequilibrium/pygem_oggm/PyGEM_global_stats_median_k.csv,temp_ch_ipcc,AAR_steady_area_weighted_mean
1.85,0.634779565193025,0.6308236596815743,0.6457522858663495,0.6482080906108442,0.6490085852330628,0.649351541799581,0.6529912070259623,0.9899999999999995,2,500,2000,lowess_fit,,/g/data/rd53/wy2165/disequilibrium/pygem_oggm/PyGEM_global_stats_median_k.csv,temp_ch_ipcc,AAR_steady_area_weighted_mean
1.9,0.6346559702098773,0.6304822033152895,0.6457558138078152,0.6481974749177632,0.649006976278964,0.6493513968798134,0.6530673449739729,0.9899999999999995,2,500,2000,lowess_fit,,/g/data/rd53/wy2165/disequilibrium/pygem_oggm/PyGEM_global_stats_median_k.csv,temp_ch_ipcc,AAR_steady_area_weighted_mean
1.9500000000000002,0.6345471658363759,0.6301569926100925,0.6457592594428502,0.6481864493203066,0.6490050514233895,0.6493506888018516,0.653140185055686,0.9899999999999995,2,500,2000,lowess_fit,,/g/data/rd53/wy2165/disequilibrium/pygem_oggm/PyGEM_global_stats_median_k.csv,temp_ch_ipcc,AAR_steady_area_weighted_mean
2.0,0.634452657537673,0.6298480520487775,0.6457626254524631,0.6481750324442874,0.6490028285241358,0.6493494297465476,0.6532097939127551,0.9899999999999995,2,500,2000,lowess_fit,,/g/data/rd53/wy2165/disequilibrium/pygem_oggm/PyGEM_global_stats_median_k.csv,temp_ch_ipcc,AAR_steady_area_weighted_mean
2.05,0.6343719357574833,0.6295553704217168,0.6457659145310599,0.6481632422964062,0.6490003246784745,0.6493476320586535,0.6532762411486583,0.9899999999999995,2,500,2000,lowess_fit,,/g/data/rd53/wy2165/disequilibrium/pygem_oggm/PyGEM_global_stats_median_k.csv,temp_ch_ipcc,AAR_steady_area_weighted_mean
2.1,0.6343044807610241,0.6292789059220943,0.6457691293636099,0.6481510962022934,0.648997556186144,0.6493453081342788,0.6533395984416333,0.9899999999999995,2,500,2000,lowess_fit,,/g/data/rd53/wy2165/disequilibrium/pygem_oggm/PyGEM_global_stats_median_k.csv,temp_ch_ipcc,AAR_steady_area_weighted_mean
2.15,0.6342497666828564,0.6290185905862404,0.6457722726160614,0.6481386107612089,0.6489945385195357,0.6493424703257688,0.6533999387956865,0.9899999999999995,2,500,2000,lowess_fit,,/g/data/rd53/wy2165/disequilibrium/pygem_oggm/PyGEM_global_stats_median_k.csv,temp_ch_ipcc,AAR_steady_area_weighted_mean
2.2,0.6342072649262929,0.6287743341458065,0.6457753469216072,0.6481258017962689,0.6489912863023171,0.6493391308657879,0.6534573358796816,0.9899999999999995,2,500,2000,lowess_fit,,/g/data/rd53/wy2165/disequilibrium/pygem_oggm/PyGEM_global_stats_median_k.csv,temp_ch_ipcc,AAR_steady_area_weighted_mean
2.25,0.634176447085048,0.6285460273406602,0.6457783548698236,0.6481126843104243,0.6489878132970397,0.6493353018081159,0.6535118634493077,0.9899999999999995,2,500,2000,lowess_fit,,/g/data/rd53/wy2165/disequilibrium/pygem_oggm/PyGEM_global_stats_median_k.csv,temp_ch_ipcc,AAR_steady_area_weighted_mean
2.3000000000000003,0.6341567873933448,0.628333544769747,0.6457812989945032,0.6480992724689346,0.6489841324020529,0.6493309949741624,0.6535635949146134,0.9899999999999995,2,500,2000,lowess_fit,,/g/data/rd53/wy2165/disequilibrium/pygem_oggm/PyGEM_global_stats_median_k.csv,temp_ch_ipcc,AAR_steady_area_weighted_mean
2.35,0.6341477647696018,0.6281367473148587,0.6457841817604935,0.6480855795816232,0.6489802556438209,0.6493262219049833,0.6536126029967892,0.9899999999999995,2,500,2000,lowess_fit,,/g/data/rd53/wy2165/disequilibrium/pygem_oggm/PyGEM_global_stats_median_k.csv,temp_ch_ipcc,AAR_steady_area_weighted_mean
2.4,0.634148864497853,0.6279554841988518,0.6457870055580616,0.6480716180775508,0.6489761941763675,0.6493209938232382,0.6536589594134911,0.9899999999999995,2,500,2000,lowess_fit,,/g/data/rd53/wy2165/disequilibrium/pygem_oggm/PyGEM_global_stats_median_k.csv,temp_ch_ipcc,AAR_steady_area_weighted_mean
2.45,0.6341595795955653,0.6277895947225559,0.6457897726886251,0.6480573995078986,0.6489719582825657,0.6493153216037804,0.6537027346108465,0.9899999999999995,2,500,2000,lowess_fit,,/g/data/rd53/wy2165/disequilibrium/pygem_oggm/PyGEM_global_stats_median_k.csv,temp_ch_ipcc,AAR_steady_area_weighted_mean
2.5,0.6341794119271806,0.6276389097199557,0.6457924853380578,0.6480429345472267,0.6489675573724641,0.6493092157313184,0.6537439975228665,0.9899999999999995,2,500,2000,lowess_fit,,/g/data/rd53/wy2165/disequilibrium/pygem_oggm/PyGEM_global_stats_median_k.csv,temp_ch_ipcc,AAR_steady_area_weighted_mean
2.5500000000000003,0.6342078731025498,0.6275032527759951,0.6457951455668554,0.6480282329874153,0.6489629999924281,0.6493026862462439,0.6537828153963002,0.9899999999999995,2,500,2000,lowess_fit,,/g/data/rd53/wy2165/disequilibrium/pygem_oggm/PyGEM_global_stats_median_k.csv,temp_ch_ipcc,AAR_steady_area_weighted_mean
2.6,0.6342444851792235,0.6273824412406903,0.6457977553238448,0.6480133037376015,0.6489582938368901,0.6492957427080015,0.6538192536452727,0.9899999999999995,2,500,2000,lowess_fit,,/g/data/rd53/wy2165/disequilibrium/pygem_oggm/PyGEM_global_stats_median_k.csv,temp_ch_ipcc,AAR_steady_area_weighted_mean
2.65,0.6342887811987018,0.6272762870759034,0.6458003164534628,0.6479981548285928,0.6489534457562941,0.6492883941892756,0.6538533757413811,0.9899999999999995,2,500,2000,lowess_fit,,/g/data/rd53/wy2165/disequilibrium/pygem_oggm/PyGEM_global_stats_median_k.csv,temp_ch_ipcc,AAR_steady_area_weighted_mean
2.7,0.6343403055787578,0.6271845975451039,0.645802830673675,0.6479827934215618,0.6489484617611627,0.6492806492481847,0.6538852430836739,0.9899999999999995,2,500,2000,lowess_fit,,/g/data/rd53/wy2165/disequilibrium/pygem_oggm/PyGEM_global_stats_median_k.csv,temp_ch_ipcc,AAR_steady_area_weighted_mean
2.75,0.6343986144365884,0.6271071757803176,0.6458052995706023,0.6479672258194675,0.6489433470268728,0.6492725159071551,0.6539149148690762,0.9899999999999995,2,500,2000,lowess_fit,,/g/data/rd53/wy2165/disequilibrium/pygem_oggm/PyGEM_global_stats_median_k.csv,temp_ch_ipcc,AAR_steady_area_weighted_mean
2.8000000000000003,0.6344632758082496,0.627043821254269,0.645807724605355,0.6479514574768094,0.6489381059002174,0.6492640016331901,0.6539424480359192,0.9899999999999995,2,500,2000,lowess_fit,,/g/data/rd53/wy2165/disequilibrium/pygem_oggm/PyGEM_global_stats_median_k.csv,temp_ch_ipcc,AAR_steady_area_weighted_mean
2.85,0.6345338697849371,0.6269943301665953,0.6458101071297903,0.6479354930132861,0.6489327419136736,0.6492551133265948,0.6539678972094761,0.9899999999999995,2,500,2000,lowess_fit,,/g/data/rd53/wy2165/disequilibrium/pygem_oggm/PyGEM_global_stats_median_k.csv,temp_ch_ipcc,AAR_steady_area_weighted_mean
2.9,0.6346099885754546,0.6269584957695548,0.6458124483806229,0.6479193362221446,0.6489272577932274,0.6492458573017922,0.6539913146502865,0.9899999999999995,2,500,2000,lowess_fit,,/g/data/rd53/wy2165/disequilibrium/pygem_oggm/PyGEM_global_stats_median_k.csv,temp_ch_ipcc,AAR_steady_area_weighted_mean
2.95,0.6346912365160404,0.6269361086605914,0.6458147494638843,0.6479029900861559,0.6489216554666013,0.6492362392544361,0.6540127501834191,0.9899999999999995,2,500,2000,lowess_fit,,/g/data/rd53/wy2165/disequilibrium/pygem_oggm/PyGEM_global_stats_median_k.csv,temp_ch_ipcc,AAR_steady_area_weighted_mean
3.0,0.6347772300526286,0.6269269570289631,0.6458170113507492,0.6478864567885131,0.6489159360725223,0.6492262642643326,0.6540322511393876,0.9899999999999995,2,500,2000,lowess_fit,,/g/data/rd53/wy2165/disequilibrium/pygem_oggm/PyGEM_global_stats_median_k.csv,temp_ch_ipcc,AAR_steady_area_weighted_mean
3.0500000000000003,0.6348675976992941,0.6269308268746281,0.6458192348825003,0.6478697377320277,0.6489100999601439,0.6492159367669503,0.6540498622724477,0.9899999999999995,2,500,2000,lowess_fit,,/g/data/rd53/wy2165/disequilibrium/pygem_oggm/PyGEM_global_stats_median_k.csv,temp_ch_ipcc,AAR_steady_area_weighted_mean
3.1,0.6349619799645322,0.6269475022169947,0.6458214207560269,0.6478528335546303,0.6489041466982443,0.6492052605081118,0.6540656256795206,0.9899999999999995,2,500,2000,lowess_fit,,/g/data/rd53/wy2165/disequilibrium/pygem_oggm/PyGEM_global_stats_median_k.csv,temp_ch_ipcc,AAR_steady_area_weighted_mean
3.15,0.6350600292549159,0.6269767653158926,0.6458235695149576,0.6478357441387037,0.6488980750788154,0.6491942385073805,0.6540795807244911,0.9899999999999995,2,500,2000,lowess_fit,,/g/data/rd53/wy2165/disequilibrium/pygem_oggm/PyGEM_global_stats_median_k.csv,temp_ch_ipcc,AAR_steady_area_weighted_mean
3.2,0.6351614097697253,0.6270183969011571,0.6458256815662523,0.6478184686146876,0.6488918831190238,0.6491828729755784,0.6540917639515457,0.9899999999999995,2,500,2000,lowess_fit,,/g/data/rd53/wy2165/disequilibrium/pygem_oggm/PyGEM_global_stats_median_k.csv,temp_ch_ipcc,AAR_steady_area_weighted_mean
3.25,0.6352657973729712,0.6270721763894627,0.6458277571778589,0.6478010053696599,0.6488855680607682,0.649171165327995,0.6541022089490417,0.9899999999999995,2,500,2000,lowess_fit,,/g/data/rd53/wy2165/disequilibrium/pygem_oggm/PyGEM_global_stats_median_k.csv,temp_ch_ipcc,AAR_steady_area_weighted_mean
3.3000000000000003,0.6353728794292132,0.6271378821314785,0.6458297964762709,0.647783352054277,0.6488791263617695,0.6491591161598795,0.6541109459754675,0.9899999999999995,2,500,2000,lowess_fit,,/g/data/rd53/wy2165/disequilibrium/pygem_oggm/PyGEM_global_stats_median_k.csv,temp_ch_ipcc,AAR_steady_area_weighted_mean
3.35,0.6354823546608321,0.6272152916843284,0.6458317994302785,0.6477655056053511,0.6488725536887319,0.649146725209807,0.6541180016996415,0.9899999999999995,2,500,2000,lowess_fit,,/g/data/rd53/wy2165/disequilibrium/pygem_oggm/PyGEM_global_stats_median_k.csv,temp_ch_ipcc,AAR_steady_area_weighted_mean
3.4,0.6355939338205999,0.6273041821702795,0.645833765847932,0.6477474622807806,0.6488658449190307,0.6491339913397198,0.6541233991893703,0.9899999999999995,2,500,2000,lowess_fit,,/g/data/rd53/wy2165/disequilibrium/pygem_oggm/PyGEM_global_stats_median_k.csv,temp_ch_ipcc,AAR_steady_area_weighted_mean
3.45,0.635707356860366,0.6274043311356889,0.6458356953768628,0.6477292177200136,0.6488589941276702,0.6491209124968015,0.6541271579036531,0.9899999999999995,2,500,2000,lowess_fit,,/g/data/rd53/wy2165/disequilibrium/pygem_oggm/PyGEM_global_stats_median_k.csv,temp_ch_ipcc,AAR_steady_area_weighted_mean
3.5,0.6358223914435015,0.6275155178840955,0.6458375875102658,0.6477107669999407,0.648851994588341,0.6491074856815695,0.6541292936571068,0.9899999999999995,2,500,2000,lowess_fit,,/g/data/rd53/wy2165/disequilibrium/pygem_oggm/PyGEM_global_stats_median_k.csv,temp_ch_ipcc,AAR_steady_area_weighted_mean
3.5500000000000003,0.635938814243309,0.6276375251291517,0.6458394415927259,0.6476921046643047,0.648844838786478,0.6490937069037737,0.654129818555317,0.9899999999999995,2,500,2000,lowess_fit,,/g/data/rd53/wy2165/disequilibrium/pygem_oggm/PyGEM_global_stats_median_k.csv,temp_ch_ipcc,AAR_steady_area_weighted_mean
3.6,0.6360564105839314,0.6277701407794146,0.645841256811991,0.6476732247479322,0.6488375184495617,0.6490795711434579,0.6541287409133832,0.9899999999999995,2,500,2000,lowess_fit,,/g/data/rd53/wy2165/disequilibrium/pygem_oggm/PyGEM_global_stats_median_k.csv,temp_ch_ipcc,AAR_steady_area_weighted_mean
3.65,0.6361749749702164,0.6279131597442683,0.6458430321970035,0.6476541207937707,0.6488300245878208,0.6490650723114317,0.6541260651707531,0.9899999999999995,2,500,2000,lowess_fit,,/g/data/rd53/wy2165/disequilibrium/pygem_oggm/PyGEM_global_stats_median_k.csv,temp_ch_ipcc,AAR_steady_area_weighted_mean
3.7,0.6362943115596618,0.6280663857395964,0.6458447666208347,0.6476347858657676,0.6488223475395163,0.6490502031946948,0.6541217917910697,0.9899999999999995,2,500,2000,lowess_fit,,/g/data/rd53/wy2165/disequilibrium/pygem_oggm/PyGEM_global_stats_median_k.csv,temp_ch_ipcc,AAR_steady_area_weighted_mean
3.75,0.6364142345965422,0.6282296331099554,0.6458464588000059,0.6476152125719092,0.6488144770725232,0.6490349553743278,0.6541159171504582,0.9899999999999995,2,500,2000,lowess_fit,,/g/data/rd53/wy2165/disequilibrium/pygem_oggm/PyGEM_global_stats_median_k.csv,temp_ch_ipcc,AAR_steady_area_weighted_mean
3.8000000000000003,0.6365345688049066,0.6284027286651975,0.6458481072883281,0.6475953930759335,0.6488064024944822,0.6490193191845188,0.6541084334130628,0.9899999999999995,2,500,2000,lowess_fit,,/g/data/rd53/wy2165/disequilibrium/pygem_oggm/PyGEM_global_stats_median_k.csv,temp_ch_ipcc,AAR_steady_area_weighted_mean
3.85,0.6366551497368211,0.6285855135395436,0.6458497104792262,0.647575319114107,0.6487981126820075,0.6490032836781834,0.6540993284013848,0.9899999999999995,2,500,2000,lowess_fit,,/g/data/rd53/wy2165/disequilibrium/pygem_oggm/PyGEM_global_stats_median_k.csv,temp_ch_ipcc,AAR_steady_area_weighted_mean
3.9,0.6367758241084365,0.6287778450779627,0.6458512666152594,0.6475549820130755,0.6487895961043778,0.6489868365871319,0.6540885854615281,0.9899999999999995,2,500,2000,lowess_fit,,/g/data/rd53/wy2165/disequilibrium/pygem_oggm/PyGEM_global_stats_median_k.csv,temp_ch_ipcc,AAR_steady_area_weighted_mean
3.9499999999999997,0.6368964505732897,0.6289795987579094,0.645852773783873,0.6475343726897754,0.6487808408614174,0.6489699642705764,0.6540761833213452,0.9899999999999995,2,500,2000,lowess_fit,,/g/data/rd53/wy2165/disequilibrium/pygem_oggm/PyGEM_global_stats_median_k.csv,temp_ch_ipcc,AAR_steady_area_weighted_mean
4.000000000000001,0.637016925232994,0.6291906701383579,0.6458542299198241,0.6475134816690408,0.648771834726451,0.6489526516622969,0.6540620959302952,0.9899999999999995,2,500,2000,lowess_fit,,/g/data/rd53/wy2165/disequilibrium/pygem_oggm/PyGEM_global_stats_median_k.csv,temp_ch_ipcc,AAR_steady_area_weighted_mean
4.050000000000001,0.6371372322063208,0.6294109768262285,0.6458556328063408,0.6474922990992233,0.6487625651803389,0.6489348822220267,0.6540462922676816,0.9899999999999995,2,500,2000,lowess_fit,,/g/data/rd53/wy2165/disequilibrium/pygem_oggm/PyGEM_global_stats_median_k.csv,temp_ch_ipcc,AAR_steady_area_weighted_mean
4.1000000000000005,0.6372573923793075,0.6296404605034318,0.6458569800733286,0.6474708147674255,0.6487530194419766,0.6489166378835302,0.654028736173793,0.9899999999999995,2,500,2000,lowess_fit,,/g/data/rd53/wy2165/disequilibrium/pygem_oggm/PyGEM_global_stats_median_k.csv,temp_ch_ipcc,AAR_steady_area_weighted_mean
4.15,0.6373774286102057,0.6298790890097196,0.6458582692021099,0.6474490181137976,0.6487431844949619,0.6488978990098626,0.6540093861942833,0.9899999999999995,2,500,2000,lowess_fit,,/g/data/rd53/wy2165/disequilibrium/pygem_oggm/PyGEM_global_stats_median_k.csv,temp_ch_ipcc,AAR_steady_area_weighted_mean
4.2,0.6374973650016303,0.6301268584633839,0.645859497525291,0.6474268982471862,0.6487330471277145,0.6488786443529766,0.653988195426123,0.9899999999999995,2,500,2000,lowess_fit,,/g/data/rd53/wy2165/disequilibrium/pygem_oggm/PyGEM_global_stats_median_k.csv,temp_ch_ipcc,AAR_steady_area_weighted_mean
4.250000000000001,0.637617227340221,0.6303837954314692,0.6458606622318284,0.6474044439671,0.648722593970444,0.6488588509945784,0.653965111360948,0.9899999999999995,2,500,2000,lowess_fit,,/g/data/rd53/wy2165/disequilibrium/pygem_oggm/PyGEM_global_stats_median_k.csv,temp_ch_ipcc,AAR_steady_area_weighted_mean
4.300000000000001,0.6377370437681498,0.6306499591545909,0.6458617603695846,0.6473816437827025,0.6487118115441446,0.6488384942871153,0.6539400757165245,0.9899999999999995,2,500,2000,lowess_fit,,/g/data/rd53/wy2165/disequilibrium/pygem_oggm/PyGEM_global_stats_median_k.csv,temp_ch_ipcc,AAR_steady_area_weighted_mean
4.3500000000000005,0.6378568605216598,0.6309254438237746,0.6458627888481402,0.6473584859368867,0.6487006863159862,0.6488175478145305,0.6539130242842077,0.9899999999999995,2,500,2000,lowess_fit,,/g/data/rd53/wy2165/disequilibrium/pygem_oggm/PyGEM_global_stats_median_k.csv,temp_ch_ipcc,AAR_steady_area_weighted_mean
4.4,0.6379767586923248,0.6312103809252827,0.6458637444437995,0.6473349584391306,0.6486892047537939,0.648795983356801,0.6538838867862198,0.9899999999999995,2,500,2000,lowess_fit,,/g/data/rd53/wy2165/disequilibrium/pygem_oggm/PyGEM_global_stats_median_k.csv,temp_ch_ipcc,AAR_steady_area_weighted_mean
4.45,0.6380968252905428,0.6315049416306797,0.645864623807676,0.6473110491044106,0.6486773533983019,0.6487737708447192,0.6538525867471853,0.9899999999999995,2,500,2000,lowess_fit,,/g/data/rd53/wy2165/disequilibrium/pygem_oggm/PyGEM_global_stats_median_k.csv,temp_ch_ipcc,AAR_steady_area_weighted_mean
4.500000000000001,0.6382171498517789,0.631809339242916,0.6458654234690115,0.6472867455979696,0.6486651189607053,0.6487508783846005,0.6538190413634687,0.9899999999999995,2,500,2000,lowess_fit,,/g/data/rd53/wy2165/disequilibrium/pygem_oggm/PyGEM_global_stats_median_k.csv,temp_ch_ipcc,AAR_steady_area_weighted_mean
4.550000000000001,0.6383378286515826,0.6321238316863305,0.645866139841409,0.6472620354870147,0.6486524884161203,0.6487272724248899,0.6537831614107249,0.9899999999999995,2,500,2000,lowess_fit,,/g/data/rd53/wy2165/disequilibrium/pygem_oggm/PyGEM_global_stats_median_k.csv,temp_ch_ipcc,AAR_steady_area_weighted_mean
4.6000000000000005,0.6384589861333874,0.632448724027678,0.645866769238059,0.6472369063028197,0.6486394491031062,0.6487029178412883,0.6537448512125277,0.9899999999999995,2,500,2000,lowess_fit,,/g/data/rd53/wy2165/disequilibrium/pygem_oggm/PyGEM_global_stats_median_k.csv,temp_ch_ipcc,AAR_steady_area_weighted_mean
4.65,0.6385808153855097,0.6327843710177654,0.6458673078839144,0.6472113456151143,0.6486259888355639,0.6486777780034433,0.6537040088528759,0.9899999999999995,2,500,2000,lowess_fit,,/g/data/rd53/wy2165/disequilibrium/pygem_oggm/PyGEM_global_stats_median_k.csv,temp_ch_ipcc,AAR_steady_area_weighted_mean
4.700000000000001,0.6387035392953704,0.6331311796346125,0.6458677519283434,0.647185341115599,0.6486120960358654,0.648651814851461,0.6536605263599651,0.9899999999999995,2,500,2000,lowess_fit,,/g/data/rd53/wy2165/disequilibrium/pygem_oggm/PyGEM_global_stats_median_k.csv,temp_ch_ipcc,AAR_steady_area_weighted_mean
4.750000000000001,0.6388273796645572,0.6334896116005007,0.6458680974674197,0.6471588807178065,0.6485977598939724,0.6486249889987316,0.6536142894882752,0.9899999999999995,2,500,2000,lowess_fit,,/g/data/rd53/wy2165/disequilibrium/pygem_oggm/PyGEM_global_stats_median_k.csv,temp_ch_ipcc,AAR_steady_area_weighted_mean
4.800000000000001,0.638952556003977,0.633860185830804,0.6458683405639636,0.6471319526737637,0.6485829705493575,0.6485972598632297,0.6535651778219009,0.9899999999999995,2,500,2000,lowess_fit,,/g/data/rd53/wy2165/disequilibrium/pygem_oggm/PyGEM_global_stats_median_k.csv,temp_ch_ipcc,AAR_steady_area_weighted_mean
4.8500000000000005,0.6390792857437884,0.6342434807762118,0.6458684772712814,0.6471045457064805,0.6485677192904511,0.648568585830504,0.6535130650045096,0.9899999999999995,2,500,2000,lowess_fit,,/g/data/rd53/wy2165/disequilibrium/pygem_oggm/PyGEM_global_stats_median_k.csv,temp_ch_ipcc,AAR_steady_area_weighted_mean
4.9,0.6392077843368731,0.6346401365993518,0.6458685036671191,0.6470766491716833,0.6485519987835551,0.6485389244611203,0.6534578190217526,0.9899999999999995,2,500,2000,lowess_fit,,/g/data/rd53/wy2165/disequilibrium/pygem_oggm/PyGEM_global_stats_median_k.csv,temp_ch_ipcc,AAR_steady_area_weighted_mean
4.950000000000001,0.6393382652355194,0.6350508571150194,0.6458684158908491,0.6470482532446201,0.6485358033267911,0.648508232751988,0.6533993026082819,0.9899999999999995,2,500,2000,lowess_fit,,/g/data/rd53/wy2165/disequilibrium/pygem_oggm/PyGEM_global_stats_median_k.csv,temp_ch_ipcc,AAR_steady_area_weighted_mean
5.000000000000001,0.6394709397480954,0.6354764114172615,0.6458682101839734,0.6470193491270091,0.6485191291398872,0.6484764674515434,0.6533373738100589,0.9899999999999995,2,500,2000,lowess_fit,,/g/data/rd53/wy2165/disequilibrium/pygem_oggm/PyGEM_global_stats_median_k.csv,temp_ch_ipcc,AAR_steady_area_weighted_mean
5.050000000000001,0.6396060235596823,0.6359176350910127,0.6458678829389077,0.6469899292880643,0.6485019747062094,0.648443585436815,0.6532718867113978,0.9899999999999995,2,500,2000,lowess_fit,,/g/data/rd53/wy2165/disequilibrium/pygem_oggm/PyGEM_global_stats_median_k.csv,temp_ch_ipcc,AAR_steady_area_weighted_mean
5.1000000000000005,0.639743752886726,0.6363754308851008,0.6458674307637429,0.6469599877387437,0.6484843411490179,0.6484095441580799,0.6532026923627855,0.9899999999999995,2,500,2000,lowess_fit,,/g/data/rd53/wy2165/disequilibrium/pygem_oggm/PyGEM_global_stats_median_k.csv,temp_ch_ipcc,AAR_steady_area_weighted_mean
5.15,0.6398843653664205,0.6368507687064292,0.645866850554834,0.6469295203398555,0.6484662326424099,0.6483743021627429,0.6531296400869693,0.9899999999999995,2,500,2000,lowess_fit,,/g/data/rd53/wy2165/disequilibrium/pygem_oggm/PyGEM_global_stats_median_k.csv,temp_ch_ipcc,AAR_steady_area_weighted_mean
5.200000000000001,0.6400280920606759,0.6373446847765403,0.6458661395738898,0.6468985251482597,0.6484476568697798,0.64833781966809,0.6530525797031193,0.9899999999999995,2,500,2000,lowess_fit,,/g/data/rd53/wy2165/disequilibrium/pygem_oggm/PyGEM_global_stats_median_k.csv,temp_ch_ipcc,AAR_steady_area_weighted_mean
5.250000000000001,0.6401751560575989,0.6378582797660263,0.6458652955362207,0.6468670027970502,0.6484286255343498,0.6483000592339875,0.6529713636980976,0.9899999999999995,2,500,2000,lowess_fit,,/g/data/rd53/wy2165/disequilibrium/pygem_oggm/PyGEM_global_stats_median_k.csv,temp_ch_ipcc,AAR_steady_area_weighted_mean
5.300000000000001,0.6403257707488604,0.6383927157004985,0.6458643167120014,0.6468349569202377,0.6484091549012762,0.6482609866375809,0.6528858493511319,0.9899999999999995,2,500,2000,lowess_fit,,/g/data/rd53/wy2165/disequilibrium/pygem_oggm/PyGEM_global_stats_median_k.csv,temp_ch_ipcc,AAR_steady_area_weighted_mean
5.3500000000000005,0.6404801377229643,0.6389492114060772,0.6458632020380075,0.646802394621911,0.6483892663871117,0.6482205718157281,0.6527959012057826,0.9899999999999995,2,500,2000,lowess_fit,,/g/data/rd53/wy2165/disequilibrium/pygem_oggm/PyGEM_global_stats_median_k.csv,temp_ch_ipcc,AAR_steady_area_weighted_mean
5.4,0.6406384442403084,0.6395290362400033,0.645861951238447,0.6467693269766592,0.6483689871972573,0.6481787899243356,0.6527013939390383,0.9899999999999995,2,500,2000,lowess_fit,,/g/data/rd53/wy2165/disequilibrium/pygem_oggm/PyGEM_global_stats_median_k.csv,temp_ch_ipcc,AAR_steady_area_weighted_mean
5.450000000000001,0.6408008602590799,0.640133501855126,0.6458605649577408,0.6467357695610466,0.6483483509855282,0.6481356225153927,0.6526022155368089,0.9899999999999995,2,500,2000,lowess_fit,,/g/data/rd53/wy2165/disequilibrium/pygem_oggm/PyGEM_global_stats_median_k.csv,temp_ch_ipcc,AAR_steady_area_weighted_mean
5.500000000000001,0.6409675349759633,0.640763951749529,0.6458590449070296,0.6467017430102215,0.648327398533914,0.6480910588313922,0.6524982708547893,0.9899999999999995,2,500,2000,lowess_fit,,/g/data/rd53/wy2165/disequilibrium/pygem_oggm/PyGEM_global_stats_median_k.csv,temp_ch_ipcc,AAR_steady_area_weighted_mean
5.550000000000001,0.6411385928662516,0.6414217483296684,0.6458573940194485,0.6466672735907569,0.6483061784448055,0.648045097212998,0.6523894856816529,0.9899999999999995,2,500,2000,lowess_fit,,/g/data/rd53/wy2165/disequilibrium/pygem_oggm/PyGEM_global_stats_median_k.csv,temp_ch_ipcc,AAR_steady_area_weighted_mean
5.6000000000000005,0.6413141292212331,0.642108257283863,0.6458556166076458,0.6466323937671524,0.6482847478222608,0.64799774659926,0.6522758111283842,0.9899999999999995,2,500,2000,lowess_fit,,/g/data/rd53/wy2165/disequilibrium/pygem_oggm/PyGEM_global_stats_median_k.csv,temp_ch_ipcc,AAR_steady_area_weighted_mean
5.65,0.6414942051982819,0.642824829110703,0.6458537185255198,0.6465971427469204,0.6482631729097879,0.6479490280975467,0.6521572282991595,0.9899999999999995,2,500,2000,lowess_fit,,/g/data/rd53/wy2165/disequilibrium/pygem_oggm/PyGEM_global_stats_median_k.csv,temp_ch_ipcc,AAR_steady_area_weighted_mean
5.700000000000001,0.6416788424243083,0.6435727777016536,0.645851707325116,0.6465615669821286,0.6482415296508249,0.6478989765886686,0.6520337531856556,0.9899999999999995,2,500,2000,lowess_fit,,/g/data/rd53/wy2165/disequilibrium/pygem_oggm/PyGEM_global_stats_median_k.csv,temp_ch_ipcc,AAR_steady_area_weighted_mean
5.750000000000001,0.6418680172259499,0.6443533560325002,0.6458495924048558,0.6465257205966948,0.6482199041419848,0.6478476423155852,0.6519054416186638,0.9899999999999995,2,500,2000,lowess_fit,,/g/data/rd53/wy2165/disequilibrium/pygem_oggm/PyGEM_global_stats_median_k.csv,temp_ch_ipcc,AAR_steady_area_weighted_mean
5.800000000000001,0.6420616545969824,0.6451677291791872,0.6458473851429114,0.646489665699078,0.648198392931202,0.6477950923890313,0.6517723914838025,0.9899999999999995,2,500,2000,lowess_fit,,/g/data/rd53/wy2165/disequilibrium/pygem_oggm/PyGEM_global_stats_median_k.csv,temp_ch_ipcc,AAR_steady_area_weighted_mean
5.8500000000000005,0.6422596220537177,0.6460169450091727,0.6458450990037844,0.6464534725380853,0.6481771030183389,0.6477414121274854,0.6516347384075936,0.9899999999999995,2,500,2000,lowess_fit,,/g/data/rd53/wy2165/disequilibrium/pygem_oggm/PyGEM_global_stats_median_k.csv,temp_ch_ipcc,AAR_steady_area_weighted_mean
5.9,0.6424617235923455,0.6469019007285713,0.6458427495933938,0.6464172194538996,0.6481561460570145,0.6476867061299482,0.6514926672539865,0.9899999999999995,2,500,2000,lowess_fit,,/g/data/rd53/wy2165/disequilibrium/pygem_oggm/PyGEM_global_stats_median_k.csv,temp_ch_ipcc,AAR_steady_area_weighted_mean
5.950000000000001,0.6426676940160875,0.6478233038740419,0.6458403546650525,0.6463809925629371,0.6481356336324262,0.6476310989591746,0.6513464219296667,0.9899999999999995,2,500,2000,lowess_fit,,/g/data/rd53/wy2165/disequilibrium/pygem_oggm/PyGEM_global_stats_median_k.csv,temp_ch_ipcc,AAR_steady_area_weighted_mean
6.000000000000001,0.6428771939522662,0.6487816323874827,0.6458379340565644,0.6463448851140557,0.648115683287617,0.6475747353019138,0.6511963078031884,0.9899999999999995,2,500,2000,lowess_fit,,/g/data/rd53/wy2165/disequilibrium/pygem_oggm/PyGEM_global_stats_median_k.csv,temp_ch_ipcc,AAR_steady_area_weighted_mean
6.050000000000001,0.6430898059256507,0.6497770987061937,0.6458355095426208,0.6463089964659346,0.6480964177506674,0.6475177794540222,0.6510426921498722,0.9899999999999995,2,500,2000,lowess_fit,,/g/data/rd53/wy2165/disequilibrium/pygem_oggm/PyGEM_global_stats_median_k.csv,temp_ch_ipcc,AAR_steady_area_weighted_mean
6.1000000000000005,0.6433050319039864,0.6508096230998942,0.6458331045904481,0.6462734306289372,0.6480779629927307,0.6474604139670639,0.6508860023432378,0.9899999999999995,2,500,2000,lowess_fit,,/g/data/rd53/wy2165/disequilibrium/pygem_oggm/PyGEM_global_stats_median_k.csv,temp_ch_ipcc,AAR_steady_area_weighted_mean
6.15,0.6435222927544219,0.6518788102281512,0.6458307439898355,0.6462382943246273,0.6480604457851967,0.6474028372970121,0.650726721192196,0.9899999999999995,2,500,2000,lowess_fit,,/g/data/rd53/wy2165/disequilibrium/pygem_oggm/PyGEM_global_stats_median_k.csv,temp_ch_ipcc,AAR_steady_area_weighted_mean
6.200000000000001,0.6437409300493172,0.6529839323512294,0.6458284533571175,0.646203694514014,0.6480439907267281,0.6473452603035529,0.6505653790317195,0.9899999999999995,2,500,2000,lowess_fit,,/g/data/rd53/wy2165/disequilibrium/pygem_oggm/PyGEM_global_stats_median_k.csv,temp_ch_ipcc,AAR_steady_area_weighted_mean
6.250000000000001,0.6439602106309136,0.6541239272745415,0.6458262585011963,0.6461697353835014,0.6480287167557588,0.6472879014669096,0.6504025420375518,0.9899999999999995,2,500,2000,lowess_fit,,/g/data/rd53/wy2165/disequilibrium/pygem_oggm/PyGEM_global_stats_median_k.csv,temp_ch_ipcc,AAR_steady_area_weighted_mean
6.300000000000001,0.6441793342726668,0.6552974138870687,0.6458241846409898,0.6461365147832321,0.6480147331742973,0.6472309807159708,0.6502387962170332,0.9899999999999995,2,500,2000,lowess_fit,,/g/data/rd53/wy2165/disequilibrium/pygem_oggm/PyGEM_global_stats_median_k.csv,temp_ch_ipcc,AAR_steady_area_weighted_mean
6.3500000000000005,0.6443974446613917,0.6565027309120514,0.645822255477455,0.6461041201415806,0.64800213524732,0.6471747118050233,0.6500747267890018,0.9899999999999995,2,500,2000,lowess_fit,,/g/data/rd53/wy2165/disequilibrium/pygem_oggm/PyGEM_global_stats_median_k.csv,temp_ch_ipcc,AAR_steady_area_weighted_mean
6.4,0.6446136437660831,0.6577380101077539,0.6458204921216483,0.6460726239152557,0.6479909994941984,0.6471192932311736,0.6499108926849485,0.9899999999999995,2,500,2000,lowess_fit,,/g/data/rd53/wy2165/disequilibrium/pygem_oggm/PyGEM_global_stats_median_k.csv,temp_ch_ipcc,AAR_steady_area_weighted_mean
6.450000000000001,0.6448270094670894,0.6590012786812068,0.6458189118936961,0.6460420786494422,0.6479813787894334,0.6470648977340795,0.6497477960983066,0.9899999999999995,2,500,2000,lowess_fit,,/g/data/rd53/wy2165/disequilibrium/pygem_oggm/PyGEM_global_stats_median_k.csv,temp_ch_ipcc,AAR_steady_area_weighted_mean
6.500000000000001,0.6450366161040874,0.6602905903757238,0.6458175270109399,0.6460125117381381,0.6479732974073568,0.6470116604644627,0.6495858471418267,0.9899999999999995,2,500,2000,lowess_fit,,/g/data/rd53/wy2165/disequilibrium/pygem_oggm/PyGEM_global_stats_median_k.csv,temp_ch_ipcc,AAR_steady_area_weighted_mean
6.550000000000001,0.6452415573696486,0.6616041889618327,0.6458163431830272,0.645983919982324,0.6479667461557979,0.6469596659380847,0.6494253237449203,0.9899999999999995,2,500,2000,lowess_fit,,/g/data/rd53/wy2165/disequilibrium/pygem_oggm/PyGEM_global_stats_median_k.csv,temp_ch_ipcc,AAR_steady_area_weighted_mean
6.6000000000000005,0.6454409707682037,0.662940696491446,0.6458153581306126,0.6459562640198222,0.6479616777316562,0.6469089338917436,0.6492663269526067,0.9899999999999995,2,500,2000,lowess_fit,,/g/data/rd53/wy2165/disequilibrium/pygem_oggm/PyGEM_global_stats_median_k.csv,temp_ch_ipcc,AAR_steady_area_weighted_mean
6.65,0.6456340626982863,0.6642993382625326,0.645814560039271,0.6459294626688532,0.6479580023847256,0.6468594041036484,0.6491087316059785,0.9899999999999995,2,500,2000,lowess_fit,,/g/data/rd53/wy2165/disequilibrium/pygem_oggm/PyGEM_global_stats_median_k.csv,temp_ch_ipcc,AAR_steady_area_weighted_mean
6.700000000000001,0.6458201331088537,0.665680221206934,0.6458139259449388,0.6459033871617317,0.6479555839082891,0.6468109201460102,0.6489521320928199,0.9899999999999995,2,500,2000,lowess_fit,,/g/data/rd53/wy2165/disequilibrium/pygem_oggm/PyGEM_global_stats_median_k.csv,temp_ch_ipcc,AAR_steady_area_weighted_mean
6.750000000000001,0.6459985986864942,0.6670846706668244,0.6458134200232574,0.6458778551423178,0.6479542358779963,0.6467632117923328,0.6487957822864595,0.9899999999999995,2,500,2000,lowess_fit,,/g/data/rd53/wy2165/disequilibrium/pygem_oggm/PyGEM_global_stats_median_k.csv,temp_ch_ipcc,AAR_steady_area_weighted_mean
6.800000000000001,0.6461690136446124,0.6685156144919129,0.6458129917195334,0.6458526241391843,0.6479537179108309,0.6467158754809748,0.6486385277821999,0.9899999999999995,2,500,2000,lowess_fit,,/g/data/rd53/wy2165/disequilibrium/pygem_oggm/PyGEM_global_stats_median_k.csv,temp_ch_ipcc,AAR_steady_area_weighted_mean
6.8500000000000005,0.6463310378433021,0.669976995709795,0.645812587020058,0.6458274448707338,0.6479537859879629,0.6466684694553488,0.6484790705023236,0.9899999999999995,2,500,2000,lowess_fit,,/g/data/rd53/wy2165/disequilibrium/pygem_oggm/PyGEM_global_stats_median_k.csv,temp_ch_ipcc,AAR_steady_area_weighted_mean
