,gcm,period_scenario,temp_ch_ipcc,AAR_steady_mean,AAR_steady_std,AAR_steady_median,AAR_steady_MAD,AAR_steady_area_weighted_mean,AAR_mean_mean,AAR_mean_std,AAR_mean_median,AAR_mean_MAD,AAR_mean_area_weighted_mean,disequilibrium_mean,disequilibrium_std,disequilibrium_median,disequilibrium_MAD,disequilibrium_area_weighted_mean
0,era5,2014-2023,1.2,0.538293458,0.095154387,0.534679936,0.041790663,0.646552935,0.393065185,0.25583205,0.370806298,0.1796828,0.43498991,0.722253195,0.459264635,0.687155035,0.310056415,0.658981923
1,gfdl-esm4,1851-1870_hist,0.231409328,0.537192197,0.096420937,0.53104849,0.043318349,0.652824431,0.659803495,0.214833235,0.693210037,0.148699626,0.605630352,1.248760412,0.429414722,1.268174499,0.285060948,0.928802126
2,gfdl-esm4,1901-1920_hist,0.478289046,0.537192197,0.096420937,0.53104849,0.043318349,0.652824431,0.617928508,0.221974325,0.640146128,0.161176154,0.540768612,1.165993445,0.43276482,1.178690673,0.29729734,0.825344407
3,gfdl-esm4,1951-1970_hist,0.392281326,0.537192197,0.096420937,0.53104849,0.043318349,0.652824431,0.670596158,0.211402588,0.708109315,0.145793426,0.596209192,1.271090255,0.426004582,1.298404727,0.278866843,0.916187707
4,gfdl-esm4,1995-2014_hist,0.901467077,0.537192197,0.096420937,0.53104849,0.043318349,0.652824431,0.568284382,0.218197816,0.587928531,0.158256852,0.533779859,1.063487833,0.402354362,1.073057561,0.287503764,0.806303508
5,gfdl-esm4,2021-2040_ssp126,1.493792069,0.537192197,0.096420937,0.53104849,0.043318349,0.652824431,0.399577418,0.244401193,0.383723396,0.175402121,0.402176967,0.744567576,0.458048889,0.705990057,0.317734336,0.607077527
6,gfdl-esm4,2041-2060_ssp126,1.678749959,0.537192197,0.096420937,0.53104849,0.043318349,0.652824431,0.352274466,0.247021399,0.327070302,0.17942769,0.405131815,0.654310788,0.459203733,0.601920175,0.320468202,0.600983332
7,gfdl-esm4,2061-2080_ssp126,1.730055687,0.537192197,0.096420937,0.53104849,0.043318349,0.652824431,0.31756555,0.250901896,0.283894517,0.183782094,0.387175145,0.58956452,0.470806129,0.516705225,0.323789281,0.572068893
8,gfdl-esm4,2081-2100_ssp126,1.684476548,0.537192197,0.096420937,0.53104849,0.043318349,0.652824431,0.339028685,0.251289401,0.321784687,0.19081979,0.390349294,0.629355426,0.468204091,0.5847729,0.343222717,0.575679281
9,gfdl-esm4,2021-2040_ssp370,1.488564228,0.536382292,0.096415205,0.531003233,0.041421289,0.649356745,0.394581017,0.235619081,0.3747617,0.163677246,0.416661532,0.734640629,0.438639038,0.693935926,0.291941633,0.625233565
10,gfdl-esm4,2041-2060_ssp370,2.049608082,0.536382292,0.096415205,0.531003233,0.041421289,0.649356745,0.26254586,0.2409197,0.221136626,0.177039507,0.356811546,0.484612894,0.446770097,0.407838098,0.313267318,0.5310396
11,gfdl-esm4,2061-2080_ssp370,2.814161775,0.536382292,0.096415205,0.531003233,0.041421289,0.649356745,0.127979179,0.205117603,0,0,0.242559975,0.233509621,0.379183969,0,0,0.35909483
12,gfdl-esm4,2081-2100_ssp370,3.532319558,0.536382292,0.096415205,0.531003233,0.041421289,0.649356745,0.054889659,0.152127916,0,0,0.186493938,0.094867126,0.264491498,0,0,0.270069253
13,gfdl-esm4,2021-2040_ssp585,1.529802668,0.539011919,0.095532358,0.533752459,0.041660431,0.658984658,0.38803629,0.23929959,0.366867132,0.170270861,0.389423014,0.718425452,0.44070584,0.681509274,0.301784511,0.581181538
14,gfdl-esm4,2041-2060_ssp585,2.18911609,0.539011919,0.095532358,0.533752459,0.041660431,0.658984658,0.223378841,0.232867104,0.159371026,0.159371026,0.303630097,0.40943364,0.428870751,0.297751386,0.297751386,0.448397744
15,gfdl-esm4,2061-2080_ssp585,3.048039704,0.539011919,0.095532358,0.533752459,0.041660431,0.658984658,0.113234956,0.19278568,0,0,0.218791403,0.204540348,0.350278814,0,0,0.316833359
16,gfdl-esm4,2081-2100_ssp585,4.001455777,0.539011919,0.095532358,0.533752459,0.041660431,0.658984658,0.03025165,0.101414977,0,0,0.125426406,0.052531007,0.175039154,0,0,0.184882444
17,ipsl-cm6a-lr,1851-1870_hist,-0.131913088,0.537523087,0.094863389,0.532470914,0.042707636,0.655257818,0.77138731,0.19534267,0.826870131,0.104408798,0.718768336,1.46935115,0.444768666,1.511552569,0.245631715,1.123689495
18,ipsl-cm6a-lr,1901-1920_hist,-0.143528775,0.537523087,0.094863389,0.532470914,0.042707636,0.655257818,0.802048999,0.184411599,0.860903066,0.092567852,0.741413803,1.532622648,0.455980385,1.569536618,0.241267046,1.166681902
19,ipsl-cm6a-lr,1951-1970_hist,0.302892464,0.537523087,0.094863389,0.532470914,0.042707636,0.655257818,0.717466038,0.216409354,0.768564553,0.137920429,0.630132467,1.361963766,0.4550871,1.409076403,0.285461039,0.976609576
20,ipsl-cm6a-lr,1995-2014_hist,0.913312833,0.537523087,0.094863389,0.532470914,0.042707636,0.655257818,0.562180196,0.214615218,0.575672127,0.15213518,0.529036084,1.052220685,0.397838767,1.060760826,0.276405029,0.801390365
21,ipsl-cm6a-lr,2021-2040_ssp126,1.636714967,0.537523087,0.094863389,0.532470914,0.042707636,0.655257818,0.419671925,0.246480037,0.407797658,0.177406126,0.407462948,0.782326776,0.461547446,0.746976871,0.317799286,0.620676566
22,ipsl-cm6a-lr,2041-2060_ssp126,2.049075593,0.537523087,0.094863389,0.532470914,0.042707636,0.655257818,0.311512373,0.270424967,0.255458252,0.201283354,0.347036302,0.575726675,0.50181765,0.485446402,0.356394317,0.517673558
23,ipsl-cm6a-lr,2061-2080_ssp126,2.191208244,0.537523087,0.094863389,0.532470914,0.042707636,0.655257818,0.214890811,0.252120753,0.124459222,0.124459222,0.315961969,0.393717702,0.464202991,0.239355641,0.239355641,0.46785144
24,ipsl-cm6a-lr,2081-2100_ssp126,2.171220561,0.537523087,0.094863389,0.532470914,0.042707636,0.655257818,0.233885484,0.252517014,0.157751061,0.157751061,0.284556661,0.431117575,0.468295279,0.300134913,0.300134913,0.424986262
25,ipsl-cm6a-lr,2021-2040_ssp370,1.678163601,0.535861327,0.09653182,0.531305806,0.04375778,0.653587837,0.42307867,0.256489136,0.411336725,0.186875005,0.413371342,0.791798544,0.489105332,0.744287138,0.331719073,0.620778264
26,ipsl-cm6a-lr,2041-2060_ssp370,2.594826972,0.535861327,0.09653182,0.531305806,0.04375778,0.653587837,0.186067107,0.245734419,0.069603978,0.069603978,0.255986784,0.343819734,0.46484167,0.138131672,0.138131672,0.384694697
27,ipsl-cm6a-lr,2061-2080_ssp370,3.513114684,0.535861327,0.09653182,0.531305806,0.04375778,0.653587837,0.070918797,0.170183484,0,0,0.175984383,0.126577209,0.3096997,0,0,0.254564838
28,ipsl-cm6a-lr,2081-2100_ssp370,4.677751369,0.535861327,0.09653182,0.531305806,0.04375778,0.653587837,0.029678824,0.113617083,0,0,0.09814757,0.052449129,0.207783833,0,0,0.139456171
29,ipsl-cm6a-lr,2021-2040_ssp585,1.66491004,0.535913897,0.096065591,0.532079833,0.042205743,0.65881678,0.390059725,0.257111895,0.363996116,0.185239495,0.41038003,0.725168755,0.479063162,0.672151174,0.328809707,0.607781892
30,ipsl-cm6a-lr,2041-2060_ssp585,2.84393776,0.535913897,0.096065591,0.532079833,0.042205743,0.65881678,0.158855886,0.243169928,0.023174896,0.023174896,0.240807378,0.290285867,0.450704702,0.043014888,0.043014888,0.358912359
31,ipsl-cm6a-lr,2061-2080_ssp585,4.160098437,0.535913897,0.096065591,0.532079833,0.042205743,0.65881678,0.047575542,0.139026672,0,0,0.13040773,0.085464452,0.25504248,0,0,0.187350184
32,ipsl-cm6a-lr,2081-2100_ssp585,5.849305066,0.535913897,0.096065591,0.532079833,0.042205743,0.65881678,0.013195988,0.075038149,0,0,0.059702412,0.023022906,0.133494617,0,0,0.084648386
33,mpi-esm1-2-hr,1851-1870_hist,0.083373661,0.538408217,0.095475617,0.534882949,0.039958631,0.663104038,0.747292019,0.199365557,0.78963693,0.123500185,0.642647938,1.420823536,0.444096326,1.457376951,0.259154387,0.990044225
34,mpi-esm1-2-hr,1901-1920_hist,0.101656085,0.538408217,0.095475617,0.534882949,0.039958631,0.663104038,0.730686244,0.195669677,0.773333376,0.121958287,0.658884175,1.386478313,0.420510264,1.415442209,0.25247766,1.015714727
35,mpi-esm1-2-hr,1951-1970_hist,0.353009146,0.538408217,0.095475617,0.534882949,0.039958631,0.663104038,0.689175606,0.202014727,0.729770911,0.131196161,0.624414625,1.3012412,0.40311391,1.331141806,0.255851005,0.952241686
36,mpi-esm1-2-hr,1995-2014_hist,0.904939372,0.538408217,0.095475617,0.534882949,0.039958631,0.663104038,0.556875731,0.217961407,0.571237679,0.157961179,0.529135587,1.038761594,0.402115908,1.0377224,0.281780151,0.790322205
37,mpi-esm1-2-hr,2021-2040_ssp126,1.469113359,0.538408217,0.095475617,0.534882949,0.039958631,0.663104038,0.436235816,0.238939642,0.422360122,0.171619646,0.427162055,0.808151522,0.440519135,0.775051072,0.303890385,0.634224592
38,mpi-esm1-2-hr,2041-2060_ssp126,1.656830929,0.538408217,0.095475617,0.534882949,0.039958631,0.663104038,0.398600467,0.241371286,0.387239754,0.170709196,0.423340405,0.738073506,0.448102504,0.710042337,0.300061572,0.623125548
39,mpi-esm1-2-hr,2061-2080_ssp126,1.695689732,0.538408217,0.095475617,0.534882949,0.039958631,0.663104038,0.370083807,0.240957539,0.354378568,0.171797023,0.412377177,0.683471278,0.44363112,0.638663043,0.300664871,0.605796512
40,mpi-esm1-2-hr,2081-2100_ssp126,1.659995843,0.538408217,0.095475617,0.534882949,0.039958631,0.663104038,0.380044324,0.236680878,0.35633353,0.166920382,0.387113599,0.702302571,0.435592927,0.657154144,0.29265553,0.575807691
41,mpi-esm1-2-hr,2021-2040_ssp370,1.493779364,0.540341087,0.095173506,0.535419814,0.041081708,0.660823677,0.43888747,0.234463391,0.436174145,0.166540313,0.427946714,0.813164179,0.436198268,0.793545937,0.30159174,0.63521721
42,mpi-esm1-2-hr,2041-2060_ssp370,2.092677072,0.540341087,0.095173506,0.535419814,0.041081708,0.660823677,0.294184433,0.246930252,0.253337931,0.176606547,0.315199892,0.539154542,0.451732936,0.455594582,0.311654082,0.463305702
43,mpi-esm1-2-hr,2061-2080_ssp370,2.718960922,0.540341087,0.095173506,0.535419814,0.041081708,0.660823677,0.180115715,0.229595308,0.085568606,0.085568606,0.271508636,0.326631317,0.419165044,0.167590207,0.167590207,0.394436067
44,mpi-esm1-2-hr,2081-2100_ssp370,3.454510652,0.540341087,0.095173506,0.535419814,0.041081708,0.660823677,0.078922163,0.171116009,0,0,0.211166194,0.139619369,0.305325746,0,0,0.305944101
45,mpi-esm1-2-hr,2021-2040_ssp585,1.528303178,0.540318776,0.096755588,0.534180324,0.040908157,0.669081832,0.425642815,0.238339773,0.424092476,0.170253536,0.450679256,0.785987541,0.440565753,0.770452288,0.303024832,0.659694811
46,mpi-esm1-2-hr,2041-2060_ssp585,2.139652727,0.540318776,0.096755588,0.534180324,0.040908157,0.669081832,0.278773355,0.251295628,0.230778613,0.180853183,0.368579813,0.510222345,0.463829932,0.421987715,0.315964311,0.53215665
47,mpi-esm1-2-hr,2061-2080_ssp585,2.950347,0.540318776,0.096755588,0.534180324,0.040908157,0.669081832,0.110223983,0.193991275,0,0,0.287203586,0.195712561,0.346434352,0,0,0.404149997
48,mpi-esm1-2-hr,2081-2100_ssp585,3.99079854,0.540318776,0.096755588,0.534180324,0.040908157,0.669081832,0.059064838,0.163514856,0,0,0.190384555,0.105928892,0.300650826,0,0,0.267146387
49,mri-esm2-0,1851-1870_hist,0.190948213,0.535905311,0.094864839,0.533041243,0.041673104,0.650391816,0.714136928,0.194727675,0.757744406,0.117785933,0.716364604,1.360193747,0.418690764,1.38313772,0.244582132,1.12294837
50,mri-esm2-0,1901-1920_hist,0.252478266,0.535905311,0.094864839,0.533041243,0.041673104,0.650391816,0.716564082,0.198865041,0.763543278,0.119627293,0.689610395,1.363245895,0.42056708,1.398090378,0.249773765,1.077477103
51,mri-esm2-0,1951-1970_hist,0.382652065,0.535905311,0.094864839,0.533041243,0.041673104,0.650391816,0.716348169,0.192405103,0.759085275,0.115496958,0.68413958,1.365031563,0.411557231,1.391141874,0.24671042,1.067135762
52,mri-esm2-0,1995-2014_hist,0.922248887,0.535905311,0.094864839,0.533041243,0.041673104,0.650391816,0.596405663,0.20807571,0.616894576,0.143702874,0.565483878,1.123325994,0.397680896,1.131314638,0.271783433,0.864735152
53,mri-esm2-0,2021-2040_ssp126,1.72632431,0.535905311,0.094864839,0.533041243,0.041673104,0.650391816,0.305258223,0.243890385,0.268451399,0.174705112,0.344239413,0.564953042,0.450792204,0.492901809,0.313178458,0.516470917
54,mri-esm2-0,2041-2060_ssp126,1.996245332,0.535905311,0.094864839,0.533041243,0.041673104,0.650391816,0.262283383,0.246228818,0.208702411,0.18190339,0.33497671,0.484955737,0.45838709,0.390541943,0.328273045,0.49940275
55,mri-esm2-0,2061-2080_ssp126,2.09126599,0.535905311,0.094864839,0.533041243,0.041673104,0.650391816,0.318874395,0.254980915,0.292797454,0.190514623,0.338598043,0.594051554,0.482884559,0.532331687,0.345873047,0.507278324
56,mri-esm2-0,2081-2100_ssp126,1.94778826,0.535905311,0.094864839,0.533041243,0.041673104,0.650391816,0.361406986,0.247890198,0.342400497,0.179285825,0.369443794,0.675155371,0.471537961,0.617237718,0.319209183,0.55711925
57,mri-esm2-0,2021-2040_ssp370,1.705488886,0.538348766,0.095343683,0.531841788,0.04024894,0.662171955,0.360360879,0.25098994,0.338259136,0.185937735,0.406107367,0.666024958,0.466033974,0.616695942,0.330154891,0.597588611
58,mri-esm2-0,2041-2060_ssp370,2.404955866,0.538348766,0.095343683,0.531841788,0.04024894,0.662171955,0.239102397,0.253328386,0.170111245,0.170111245,0.289775361,0.440972063,0.473596678,0.315640735,0.315640735,0.435389106
59,mri-esm2-0,2061-2080_ssp370,3.105613809,0.538348766,0.095343683,0.531841788,0.04024894,0.662171955,0.144221338,0.227494992,0.014538346,0.014538346,0.185939666,0.266856051,0.432224423,0.026922668,0.026922668,0.278078319
60,mri-esm2-0,2081-2100_ssp370,3.811452497,0.538348766,0.095343683,0.531841788,0.04024894,0.662171955,0.048868819,0.132612025,0,0,0.134975507,0.086776087,0.23841543,0,0,0.192673195
61,mri-esm2-0,2021-2040_ssp585,1.911734937,0.537592163,0.094343559,0.533708931,0.041117522,0.651389767,0.321218469,0.24537289,0.29050033,0.179268354,0.355757253,0.595678865,0.459676841,0.536731319,0.324481727,0.531620091
62,mri-esm2-0,2041-2060_ssp585,2.687007085,0.537592163,0.094343559,0.533708931,0.041117522,0.651389767,0.147478896,0.219185107,0.034649197,0.034649197,0.210666201,0.27161676,0.41145674,0.067906217,0.067906217,0.311628863
63,mri-esm2-0,2061-2080_ssp585,3.541685939,0.537592163,0.094343559,0.533708931,0.041117522,0.651389767,0.075476999,0.167703464,0,0,0.157020002,0.135043628,0.301014106,0,0,0.238595117
64,mri-esm2-0,2081-2100_ssp585,4.594325176,0.537592163,0.094343559,0.533708931,0.041117522,0.651389767,0.024963557,0.101738854,0,0,0.069726781,0.043697131,0.179559038,0,0,0.101874976
65,ukesm1-0-ll,1851-1870_hist,0.373094842,0.540210177,0.092855899,0.535237328,0.04079793,0.658388944,0.720063609,0.202952915,0.770309574,0.119642153,0.670130357,1.356457835,0.420625609,1.390085572,0.255746732,1.039130875
66,ukesm1-0-ll,1901-1920_hist,0.353528895,0.540210177,0.092855899,0.535237328,0.04079793,0.658388944,0.735956685,0.201447685,0.792706323,0.113870034,0.698784973,1.387507165,0.424882776,1.426420333,0.252962159,1.084635465
67,ukesm1-0-ll,1951-1970_hist,0.23742077,0.540210177,0.092855899,0.535237328,0.04079793,0.658388944,0.788487867,0.184922495,0.84570141,0.090502417,0.701588193,1.49396829,0.424949598,1.538311718,0.227900369,1.098952586
68,ukesm1-0-ll,1995-2014_hist,1.058767333,0.540210177,0.092855899,0.535237328,0.04079793,0.658388944,0.606400089,0.212081906,0.631022332,0.145756856,0.555680416,1.132257058,0.397704361,1.155295247,0.2744417,0.84002272
69,ukesm1-0-ll,2021-2040_ssp126,2.176143904,0.540210177,0.092855899,0.535237328,0.04079793,0.658388944,0.278856898,0.242334893,0.238370844,0.175681918,0.315447261,0.51226703,0.447198146,0.43475916,0.312107862,0.463394649
70,ukesm1-0-ll,2041-2060_ssp126,2.739835015,0.540210177,0.092855899,0.535237328,0.04079793,0.658388944,0.163435449,0.225001908,0.056623343,0.056623343,0.216508681,0.296973641,0.415713793,0.109592004,0.109592004,0.315364367
71,ukesm1-0-ll,2061-2080_ssp126,2.951472593,0.540210177,0.092855899,0.535237328,0.04079793,0.658388944,0.127227472,0.203948918,0,0,0.184221148,0.228961996,0.370406755,0,0,0.27099254
72,ukesm1-0-ll,2081-2100_ssp126,3.038482623,0.540210177,0.092855899,0.535237328,0.04079793,0.658388944,0.098527018,0.182217277,0,0,0.162566815,0.178404584,0.337094294,0,0,0.234295096
73,ukesm1-0-ll,2021-2040_ssp370,2.32331738,0.538736791,0.092767537,0.534421449,0.041174867,0.642813897,0.283895575,0.251308648,0.240284347,0.18127687,0.314115034,0.522792398,0.466488624,0.44018218,0.322059732,0.475958797
74,ukesm1-0-ll,2041-2060_ssp370,3.414120006,0.538736791,0.092767537,0.534421449,0.041174867,0.642813897,0.055384161,0.139017018,0,0,0.136043841,0.098532405,0.250056117,0,0,0.199992556
75,ukesm1-0-ll,2061-2080_ssp370,4.439976801,0.538736791,0.092767537,0.534421449,0.041174867,0.642813897,0.021763146,0.094841511,0,0,0.069680445,0.03772267,0.170261195,0,0,0.105143092
76,ukesm1-0-ll,2081-2100_ssp370,5.840495128,0.538736791,0.092767537,0.534421449,0.041174867,0.642813897,0.004550352,0.041975663,0,0,0.025008029,0.007538029,0.072443275,0,0,0.036784877
77,ukesm1-0-ll,2021-2040_ssp585,2.319732626,0.538913331,0.092274285,0.534513859,0.040357385,0.648950985,0.26970024,0.243134355,0.222901593,0.174671022,0.289882123,0.496000677,0.447783549,0.415364775,0.315889903,0.432436376
78,ukesm1-0-ll,2041-2060_ssp585,3.646967578,0.538913331,0.092274285,0.534513859,0.040357385,0.648950985,0.060845849,0.151849138,0,0,0.129492182,0.107644148,0.270454631,0,0,0.192519582
79,ukesm1-0-ll,2061-2080_ssp585,5.230543689,0.538913331,0.092274285,0.534513859,0.040357385,0.648950985,0.011907077,0.071148633,0,0,0.04518332,0.021001723,0.13135772,0,0,0.068187475
80,ukesm1-0-ll,2081-2100_ssp585,6.884361024,0.538913331,0.092274285,0.534513859,0.040357385,0.648950985,0.000926561,0.015250979,0,0,0.010227278,0.001444043,0.02240305,0,0,0.015089439