tidewater_class,n_glaciers,rgi_area_km2,vol_2020_m3,experiment,gcm,period_scenario,temp_ch_ipcc,area_steady,volume_steady,mass_remaining
land-terminating,212303,424267.549,65038920372014.0,0,era5,2014-2023,1.2,266797.44229287485,40780326071090.29,62.70141914692346
land-terminating,212303,424267.549,65038920372014.0,1,gfdl-esm4,1851-1870_hist,0.231409328,390347.0287881948,57740715838449.03,88.77871205146056
land-terminating,212303,424267.549,65038920372014.0,2,gfdl-esm4,1901-1920_hist,0.478289046,361893.14419235295,52868403236263.21,81.28733216028643
land-terminating,212303,424267.549,65038920372014.0,3,gfdl-esm4,1951-1970_hist,0.392281326,383294.3679102287,56025995968860.45,86.14226012424436
land-terminating,212303,424267.549,65038920372014.0,4,gfdl-esm4,1995-2014_hist,0.901467077,334622.97378283035,49287703147025.164,75.78185933146806
land-terminating,212303,424267.549,65038920372014.0,5,gfdl-esm4,2021-2040_ssp126,1.493792069,261149.88372615475,39798242972567.57,61.19142621821965
land-terminating,212303,424267.549,65038920372014.0,6,gfdl-esm4,2041-2060_ssp126,1.678749959,236657.0316060568,36571711665335.22,56.23050237634616
land-terminating,212303,424267.549,65038920372014.0,7,gfdl-esm4,2061-2080_ssp126,1.730055687,217176.22866871097,34039933849151.125,52.33779044062727
land-terminating,212303,424267.549,65038920372014.0,8,gfdl-esm4,2081-2100_ssp126,1.684476548,220858.05014148052,33773947447684.445,51.92882547019837
land-terminating,212303,424267.549,65038920372014.0,9,gfdl-esm4,2021-2040_ssp370,1.488564228,252053.91475441048,38566675893429.03,59.29784146605257
land-terminating,212303,424267.549,65038920372014.0,10,gfdl-esm4,2041-2060_ssp370,2.049608082,207496.41981593476,32812130509138.688,50.449992591294034
land-terminating,212303,424267.549,65038920372014.0,11,gfdl-esm4,2061-2080_ssp370,2.814161775,130065.77943095147,21545657920362.77,33.12733021569925
land-terminating,212303,424267.549,65038920372014.0,12,gfdl-esm4,2081-2100_ssp370,3.532319558,106288.18377783951,18562824922633.395,28.541102491333646
land-terminating,212303,424267.549,65038920372014.0,13,gfdl-esm4,2021-2040_ssp585,1.529802668,246206.9426087746,37291077661310.22,57.33655701541508
land-terminating,212303,424267.549,65038920372014.0,14,gfdl-esm4,2041-2060_ssp585,2.18911609,179313.05142722928,28779673360601.98,44.24992480807809
land-terminating,212303,424267.549,65038920372014.0,15,gfdl-esm4,2061-2080_ssp585,3.048039704,122311.58775874732,20856585387106.48,32.06785301448667
land-terminating,212303,424267.549,65038920372014.0,16,gfdl-esm4,2081-2100_ssp585,4.001455777,73214.22320340567,13685499418813.453,21.04201505888199
land-terminating,212303,424267.549,65038920372014.0,17,ipsl-cm6a-lr,1851-1870_hist,-0.131913088,475519.2074947732,71878999429869.48,110.51690129345803
land-terminating,212303,424267.549,65038920372014.0,18,ipsl-cm6a-lr,1901-1920_hist,-0.143528775,505153.22889276524,77602536925235.39,119.3170742708507
land-terminating,212303,424267.549,65038920372014.0,19,ipsl-cm6a-lr,1951-1970_hist,0.302892464,422420.71407093445,62625554233016.91,96.28935086069548
land-terminating,212303,424267.549,65038920372014.0,20,ipsl-cm6a-lr,1995-2014_hist,0.913312833,332163.761895112,49047283203537.16,75.41220383578509
land-terminating,212303,424267.549,65038920372014.0,21,ipsl-cm6a-lr,2021-2040_ssp126,1.636714967,258373.80538164603,38639067989105.6,59.40914727380968
land-terminating,212303,424267.549,65038920372014.0,22,ipsl-cm6a-lr,2041-2060_ssp126,2.049075593,206342.8346982993,31242187339776.74,48.03614076167865
land-terminating,212303,424267.549,65038920372014.0,23,ipsl-cm6a-lr,2061-2080_ssp126,2.191208244,165837.51646665158,26375876137634.535,40.55398826851372
land-terminating,212303,424267.549,65038920372014.0,24,ipsl-cm6a-lr,2081-2100_ssp126,2.171220561,163975.2823064823,26310013960861.6,40.45272247812819
land-terminating,212303,424267.549,65038920372014.0,25,ipsl-cm6a-lr,2021-2040_ssp370,1.678163601,254303.199378689,37449058579393.625,57.57945913798995
land-terminating,212303,424267.549,65038920372014.0,26,ipsl-cm6a-lr,2041-2060_ssp370,2.594826972,153889.39856427614,25319544315492.555,38.9298348906595
land-terminating,212303,424267.549,65038920372014.0,27,ipsl-cm6a-lr,2061-2080_ssp370,3.513114684,96346.8511959572,16574466362364.322,25.48391988606295
land-terminating,212303,424267.549,65038920372014.0,28,ipsl-cm6a-lr,2081-2100_ssp370,4.677751369,48516.64330473387,9130862236136.24,14.039074117326855
land-terminating,212303,424267.549,65038920372014.0,29,ipsl-cm6a-lr,2021-2040_ssp585,1.66491004,243958.59564174523,37053054321741.32,56.97058639627283
land-terminating,212303,424267.549,65038920372014.0,30,ipsl-cm6a-lr,2041-2060_ssp585,2.84393776,144411.40494199248,23781086116512.46,36.564392490662215
land-terminating,212303,424267.549,65038920372014.0,31,ipsl-cm6a-lr,2061-2080_ssp585,4.160098437,66904.39617333605,12060854696085.115,18.544057353810032
land-terminating,212303,424267.549,65038920372014.0,32,ipsl-cm6a-lr,2081-2100_ssp585,5.849305066,28674.499006314305,5973167724177.158,9.18398966343757
land-terminating,212303,424267.549,65038920372014.0,33,mpi-esm1-2-hr,1851-1870_hist,0.083373661,440177.3294262098,64984468620503.57,99.91627820511323
land-terminating,212303,424267.549,65038920372014.0,34,mpi-esm1-2-hr,1901-1920_hist,0.101656085,434167.59212870646,63931134158913.52,98.2967333916921
land-terminating,212303,424267.549,65038920372014.0,35,mpi-esm1-2-hr,1951-1970_hist,0.353009146,408815.7549393621,60287581563158.195,92.69462226359421
land-terminating,212303,424267.549,65038920372014.0,36,mpi-esm1-2-hr,1995-2014_hist,0.904939372,330989.8901952518,49150371652595.52,75.57070654227024
land-terminating,212303,424267.549,65038920372014.0,37,mpi-esm1-2-hr,2021-2040_ssp126,1.469113359,274033.20732850727,41929360011028.92,64.46810582217316
land-terminating,212303,424267.549,65038920372014.0,38,mpi-esm1-2-hr,2041-2060_ssp126,1.656830929,253393.1367769358,38900143138873.734,59.810560993894235
land-terminating,212303,424267.549,65038920372014.0,39,mpi-esm1-2-hr,2061-2080_ssp126,1.695689732,245469.55372507952,38370753183122.125,58.99660228621033
land-terminating,212303,424267.549,65038920372014.0,40,mpi-esm1-2-hr,2081-2100_ssp126,1.659995843,248938.45931072222,38632732054568.76,59.399405515335516
land-terminating,212303,424267.549,65038920372014.0,41,mpi-esm1-2-hr,2021-2040_ssp370,1.493779364,261899.44485147952,39691753402718.59,61.02769414942165
land-terminating,212303,424267.549,65038920372014.0,42,mpi-esm1-2-hr,2041-2060_ssp370,2.092677072,197069.41704401662,31047634088448.918,47.737007181024175
land-terminating,212303,424267.549,65038920372014.0,43,mpi-esm1-2-hr,2061-2080_ssp370,2.718960922,170248.12608542742,28766126718874.492,44.22909629239856
land-terminating,212303,424267.549,65038920372014.0,44,mpi-esm1-2-hr,2081-2100_ssp370,3.454510652,133118.51653768338,24861773472954.62,38.22599349858296
land-terminating,212303,424267.549,65038920372014.0,45,mpi-esm1-2-hr,2021-2040_ssp585,1.528303178,270343.130847262,41433347833807.195,63.70546681404602
land-terminating,212303,424267.549,65038920372014.0,46,mpi-esm1-2-hr,2041-2060_ssp585,2.139652727,208102.929206222,33525671759721.46,51.547091446104986
land-terminating,212303,424267.549,65038920372014.0,47,mpi-esm1-2-hr,2061-2080_ssp585,2.950347,142955.6851615392,26131785402982.64,40.17868878129018
land-terminating,212303,424267.549,65038920372014.0,48,mpi-esm1-2-hr,2081-2100_ssp585,3.99079854,98344.05661808811,19567298337636.684,30.08552144733389
land-terminating,212303,424267.549,65038920372014.0,49,mri-esm2-0,1851-1870_hist,0.190948213,460724.35115880205,73183052728316.98,112.52193657231643
land-terminating,212303,424267.549,65038920372014.0,50,mri-esm2-0,1901-1920_hist,0.252478266,457227.91740102594,72512446659628.56,111.49085231560885
land-terminating,212303,424267.549,65038920372014.0,51,mri-esm2-0,1951-1970_hist,0.382652065,446879.8833972885,69524007691139.11,106.89600518192954
land-terminating,212303,424267.549,65038920372014.0,52,mri-esm2-0,1995-2014_hist,0.922248887,367291.5693348655,55603666967042.125,85.49291201175623
land-terminating,212303,424267.549,65038920372014.0,53,mri-esm2-0,2021-2040_ssp126,1.72632431,219991.13736928484,33629526447010.0,51.70677227520625
land-terminating,212303,424267.549,65038920372014.0,54,mri-esm2-0,2041-2060_ssp126,1.996245332,191964.06526603884,29759338918319.973,45.75620066892331
land-terminating,212303,424267.549,65038920372014.0,55,mri-esm2-0,2061-2080_ssp126,2.09126599,213159.0177195308,33046639084326.25,50.81055911645497
land-terminating,212303,424267.549,65038920372014.0,56,mri-esm2-0,2081-2100_ssp126,1.94778826,231297.63114963964,35185597933167.22,54.09929582457744
land-terminating,212303,424267.549,65038920372014.0,57,mri-esm2-0,2021-2040_ssp370,1.705488886,240731.25165201974,36795688524834.086,56.57487595791508
land-terminating,212303,424267.549,65038920372014.0,58,mri-esm2-0,2041-2060_ssp370,2.404955866,183236.44094816595,28025586787023.79,43.0904858609601
land-terminating,212303,424267.549,65038920372014.0,59,mri-esm2-0,2061-2080_ssp370,3.105613809,126924.44310665663,20238480496687.848,31.11749146653484
land-terminating,212303,424267.549,65038920372014.0,60,mri-esm2-0,2081-2100_ssp370,3.811452497,83062.75450556504,13633486155522.49,20.962042539360674
land-terminating,212303,424267.549,65038920372014.0,61,mri-esm2-0,2021-2040_ssp585,1.911734937,216759.23714583876,32781980475609.254,50.40363568168209
land-terminating,212303,424267.549,65038920372014.0,62,mri-esm2-0,2041-2060_ssp585,2.687007085,127477.94718904552,19899644713556.26,30.59651759243993
land-terminating,212303,424267.549,65038920372014.0,63,mri-esm2-0,2061-2080_ssp585,3.541685939,109885.86278761805,17900290995867.793,27.522429482962668
land-terminating,212303,424267.549,65038920372014.0,64,mri-esm2-0,2081-2100_ssp585,4.594325176,49759.7227042579,8663358999312.722,13.320268771005816
land-terminating,212303,424267.549,65038920372014.0,65,ukesm1-0-ll,1851-1870_hist,0.373094842,458437.2062592795,72284600179270.33,111.1405290337109
land-terminating,212303,424267.549,65038920372014.0,66,ukesm1-0-ll,1901-1920_hist,0.353528895,472441.2631720192,74821405337211.23,115.04097071298649
land-terminating,212303,424267.549,65038920372014.0,67,ukesm1-0-ll,1951-1970_hist,0.23742077,499217.7562278687,78790617268133.86,121.14379638755068
land-terminating,212303,424267.549,65038920372014.0,68,ukesm1-0-ll,1995-2014_hist,1.058767333,357896.6160172212,53609409609550.836,82.42665976451042
land-terminating,212303,424267.549,65038920372014.0,69,ukesm1-0-ll,2021-2040_ssp126,2.176143904,181662.17989540278,26990042716996.07,41.498294502148255
land-terminating,212303,424267.549,65038920372014.0,70,ukesm1-0-ll,2041-2060_ssp126,2.739835015,127169.54867231757,18690670322353.34,28.737670021957907
land-terminating,212303,424267.549,65038920372014.0,71,ukesm1-0-ll,2061-2080_ssp126,2.951472593,107540.36836214442,16672744381673.307,25.63502636007397
land-terminating,212303,424267.549,65038920372014.0,72,ukesm1-0-ll,2081-2100_ssp126,3.038482623,89139.3897037297,13985138348374.43,21.502722167559508
land-terminating,212303,424267.549,65038920372014.0,73,ukesm1-0-ll,2021-2040_ssp370,2.32331738,187456.75672349895,27720637727211.836,42.621614209850755
land-terminating,212303,424267.549,65038920372014.0,74,ukesm1-0-ll,2041-2060_ssp370,3.414120006,83636.16956081777,13244107234274.785,20.363356523325184
land-terminating,212303,424267.549,65038920372014.0,75,ukesm1-0-ll,2061-2080_ssp370,4.439976801,47771.58502184577,7652661587827.244,11.766280165868428
land-terminating,212303,424267.549,65038920372014.0,76,ukesm1-0-ll,2081-2100_ssp370,5.840495128,18497.1955044182,2828886429596.241,4.349528579834022
land-terminating,212303,424267.549,65038920372014.0,77,ukesm1-0-ll,2021-2040_ssp585,2.319732626,174400.89793645818,25714891429008.402,39.53769724639129
land-terminating,212303,424267.549,65038920372014.0,78,ukesm1-0-ll,2041-2060_ssp585,3.646967578,85102.43172864812,13010362927088.05,20.003965091472153
land-terminating,212303,424267.549,65038920372014.0,79,ukesm1-0-ll,2061-2080_ssp585,5.230543689,30473.08607113405,5113086347327.528,7.861579371369255
land-terminating,212303,424267.549,65038920372014.0,80,ukesm1-0-ll,2081-2100_ssp585,6.884361024,8021.417331031221,1065819641099.0176,1.6387412875285607
