simulation_years,2014-2023
0,2020
1,2019
2,2014
3,2015
4,2016
5,2023
6,2018
7,2017
8,2022
9,2021
10,2015
11,2022
12,2018
13,2021
14,2017
15,2019
16,2020
17,2016
18,2014
19,2023
20,2019
21,2020
22,2022
23,2023
24,2015
25,2021
26,2014
27,2018
28,2016
29,2017
30,2018
31,2023
32,2016
33,2019
34,2015
35,2021
36,2014
37,2022
38,2020
39,2017
40,2016
41,2023
42,2018
43,2020
44,2021
45,2015
46,2022
47,2017
48,2019
49,2014
50,2018
51,2023
52,2015
53,2019
54,2021
55,2017
56,2016
57,2020
58,2022
59,2014
60,2021
61,2014
62,2019
63,2022
64,2023
65,2015
66,2018
67,2017
68,2020
69,2016
70,2023
71,2022
72,2015
73,2020
74,2017
75,2019
76,2018
77,2014
78,2021
79,2016
80,2016
81,2017
82,2018
83,2023
84,2022
85,2015
86,2021
87,2019
88,2020
89,2014
90,2020
91,2017
92,2016
93,2018
94,2019
95,2022
96,2021
97,2015
98,2014
99,2023
100,2019
101,2017
102,2014
103,2023
104,2021
105,2022
106,2015
107,2016
108,2018
109,2020
110,2018
111,2015
112,2022
113,2021
114,2014
115,2019
116,2016
117,2017
118,2023
119,2020
120,2019
121,2023
122,2020
123,2015
124,2021
125,2018
126,2017
127,2014
128,2016
129,2022
130,2014
131,2020
132,2017
133,2015
134,2022
135,2021
136,2023
137,2019
138,2016
139,2018
140,2016
141,2019
142,2023
143,2015
144,2014
145,2020
146,2021
147,2018
148,2017
149,2022
150,2020
151,2019
152,2016
153,2014
154,2023
155,2022
156,2017
157,2018
158,2021
159,2015
160,2019
161,2021
162,2022
163,2016
164,2014
165,2023
166,2018
167,2015
168,2020
169,2017
170,2023
171,2022
172,2020
173,2015
174,2021
175,2019
176,2018
177,2017
178,2016
179,2014
180,2020
181,2016
182,2017
183,2022
184,2015
185,2021
186,2019
187,2023
188,2014
189,2018
190,2015
191,2023
192,2017
193,2016
194,2020
195,2014
196,2022
197,2019
198,2018
199,2021
200,2019
201,2016
202,2018
203,2023
204,2015
205,2020
206,2014
207,2021
208,2017
209,2022
210,2021
211,2016
212,2017
213,2018
214,2022
215,2019
216,2014
217,2020
218,2023
219,2015
220,2015
221,2014
222,2016
223,2020
224,2022
225,2019
226,2021
227,2018
228,2023
229,2017
230,2017
231,2020
232,2015
233,2016
234,2021
235,2023
236,2018
237,2019
238,2014
239,2022
240,2018
241,2021
242,2020
243,2016
244,2017
245,2022
246,2015
247,2023
248,2019
249,2014
250,2020
251,2016
252,2014
253,2015
254,2018
255,2019
256,2022
257,2023
258,2021
259,2017
260,2015
261,2017
262,2014
263,2018
264,2023
265,2019
266,2021
267,2016
268,2022
269,2020
270,2023
271,2014
272,2019
273,2015
274,2020
275,2017
276,2018
277,2021
278,2016
279,2022
280,2020
281,2015
282,2016
283,2017
284,2021
285,2023
286,2022
287,2014
288,2019
289,2018
290,2020
291,2019
292,2022
293,2016
294,2017
295,2018
296,2023
297,2015
298,2014
299,2021
300,2015
301,2014
302,2016
303,2019
304,2020
305,2023
306,2018
307,2021
308,2017
309,2022
310,2021
311,2018
312,2019
313,2020
314,2022
315,2017
316,2014
317,2023
318,2016
319,2015
320,2019
321,2016
322,2018
323,2020
324,2022
325,2021
326,2014
327,2015
328,2017
329,2023
330,2017
331,2015
332,2016
333,2019
334,2023
335,2018
336,2021
337,2020
338,2014
339,2022
340,2015
341,2020
342,2014
343,2022
344,2019
345,2018
346,2023
347,2016
348,2017
349,2021
350,2020
351,2023
352,2016
353,2014
354,2018
355,2021
356,2019
357,2015
358,2022
359,2017
360,2023
361,2018
362,2015
363,2021
364,2019
365,2017
366,2022
367,2020
368,2016
369,2014
370,2023
371,2020
372,2021
373,2016
374,2017
375,2014
376,2018
377,2022
378,2015
379,2019
380,2019
381,2014
382,2023
383,2016
384,2017
385,2018
386,2015
387,2022
388,2021
389,2020
390,2020
391,2023
392,2017
393,2014
394,2016
395,2021
396,2022
397,2019
398,2018
399,2015
400,2022
401,2023
402,2020
403,2018
404,2015
405,2021
406,2016
407,2019
408,2017
409,2014
410,2021
411,2019
412,2016
413,2017
414,2018
415,2023
416,2014
417,2020
418,2022
419,2015
420,2021
421,2023
422,2020
423,2022
424,2015
425,2019
426,2014
427,2018
428,2017
429,2016
430,2017
431,2016
432,2015
433,2020
434,2018
435,2022
436,2021
437,2014
438,2019
439,2023
440,2015
441,2022
442,2021
443,2023
444,2018
445,2019
446,2016
447,2014
448,2017
449,2020
450,2021
451,2019
452,2017
453,2015
454,2014
455,2016
456,2018
457,2022
458,2023
459,2020
460,2016
461,2023
462,2018
463,2021
464,2019
465,2015
466,2014
467,2017
468,2022
469,2020
470,2017
471,2018
472,2014
473,2015
474,2019
475,2023
476,2016
477,2020
478,2022
479,2021
480,2018
481,2023
482,2021
483,2017
484,2015
485,2020
486,2019
487,2016
488,2022
489,2014
490,2021
491,2017
492,2016
493,2023
494,2014
495,2020
496,2019
497,2015
498,2018
499,2022
500,2023
501,2020
502,2021
503,2014
504,2019
505,2016
506,2017
507,2018
508,2022
509,2015
510,2017
511,2023
512,2021
513,2022
514,2019
515,2015
516,2020
517,2016
518,2014
519,2018
520,2020
521,2019
522,2016
523,2015
524,2023
525,2021
526,2022
527,2018
528,2017
529,2014
530,2020
531,2019
532,2018
533,2022
534,2015
535,2016
536,2017
537,2023
538,2021
539,2014
540,2021
541,2018
542,2023
543,2017
544,2015
545,2022
546,2020
547,2019
548,2014
549,2016
550,2023
551,2018
552,2017
553,2016
554,2015
555,2020
556,2021
557,2022
558,2014
559,2019
560,2019
561,2020
562,2016
563,2021
564,2014
565,2022
566,2023
567,2017
568,2015
569,2018
570,2020
571,2015
572,2022
573,2023
574,2019
575,2017
576,2016
577,2014
578,2021
579,2018
580,2023
581,2019
582,2018
583,2022
584,2021
585,2020
586,2015
587,2017
588,2016
589,2014
590,2016
591,2014
592,2017
593,2019
594,2015
595,2021
596,2022
597,2018
598,2020
599,2023
600,2014
601,2015
602,2019
603,2020
604,2021
605,2016
606,2018
607,2017
608,2022
609,2023
610,2019
611,2023
612,2015
613,2018
614,2020
615,2021
616,2016
617,2017
618,2022
619,2014
620,2023
621,2016
622,2017
623,2014
624,2020
625,2018
626,2015
627,2019
628,2022
629,2021
630,2016
631,2014
632,2017
633,2021
634,2023
635,2020
636,2022
637,2019
638,2015
639,2018
640,2015
641,2021
642,2018
643,2017
644,2020
645,2022
646,2014
647,2023
648,2019
649,2016
650,2017
651,2023
652,2018
653,2020
654,2021
655,2022
656,2015
657,2016
658,2019
659,2014
660,2014
661,2015
662,2020
663,2021
664,2022
665,2018
666,2017
667,2019
668,2016
669,2023
670,2018
671,2019
672,2020
673,2022
674,2023
675,2017
676,2014
677,2021
678,2016
679,2015
680,2018
681,2019
682,2022
683,2015
684,2016
685,2021
686,2017
687,2020
688,2014
689,2023
690,2021
691,2015
692,2016
693,2014
694,2022
695,2019
696,2023
697,2017
698,2018
699,2020
700,2023
701,2022
702,2020
703,2018
704,2017
705,2016
706,2015
707,2014
708,2021
709,2019
710,2014
711,2023
712,2018
713,2017
714,2022
715,2016
716,2020
717,2019
718,2015
719,2021
720,2019
721,2017
722,2022
723,2018
724,2014
725,2015
726,2016
727,2021
728,2020
729,2023
730,2019
731,2023
732,2018
733,2016
734,2014
735,2015
736,2020
737,2017
738,2021
739,2022
740,2020
741,2016
742,2014
743,2023
744,2017
745,2022
746,2018
747,2019
748,2021
749,2015
750,2022
751,2014
752,2018
753,2017
754,2015
755,2016
756,2023
757,2020
758,2021
759,2019
760,2017
761,2016
762,2021
763,2019
764,2023
765,2018
766,2020
767,2022
768,2015
769,2014
770,2022
771,2023
772,2020
773,2017
774,2018
775,2015
776,2016
777,2019
778,2014
779,2021
780,2016
781,2021
782,2018
783,2023
784,2019
785,2014
786,2017
787,2015
788,2020
789,2022
790,2014
791,2023
792,2021
793,2018
794,2016
795,2015
796,2022
797,2019
798,2020
799,2017
800,2016
801,2022
802,2021
803,2017
804,2018
805,2020
806,2023
807,2019
808,2014
809,2015
810,2019
811,2014
812,2017
813,2020
814,2018
815,2015
816,2016
817,2021
818,2023
819,2022
820,2020
821,2023
822,2017
823,2015
824,2022
825,2018
826,2014
827,2016
828,2021
829,2019
830,2015
831,2014
832,2017
833,2022
834,2020
835,2023
836,2016
837,2021
838,2018
839,2019
840,2017
841,2020
842,2018
843,2014
844,2021
845,2015
846,2022
847,2019
848,2016
849,2023
850,2019
851,2022
852,2015
853,2021
854,2016
855,2020
856,2017
857,2023
858,2018
859,2014
860,2016
861,2020
862,2017
863,2022
864,2019
865,2021
866,2014
867,2023
868,2015
869,2018
870,2018
871,2014
872,2016
873,2020
874,2022
875,2021
876,2019
877,2023
878,2015
879,2017
880,2022
881,2015
882,2016
883,2021
884,2018
885,2017
886,2014
887,2023
888,2020
889,2019
890,2017
891,2019
892,2016
893,2020
894,2018
895,2021
896,2014
897,2023
898,2022
899,2015
900,2015
901,2020
902,2023
903,2021
904,2014
905,2018
906,2017
907,2022
908,2016
909,2019
910,2022
911,2015
912,2023
913,2017
914,2019
915,2016
916,2014
917,2018
918,2020
919,2021
920,2019
921,2021
922,2015
923,2016
924,2023
925,2017
926,2022
927,2014
928,2018
929,2020
930,2014
931,2015
932,2016
933,2020
934,2017
935,2022
936,2023
937,2018
938,2021
939,2019
940,2018
941,2021
942,2014
943,2019
944,2017
945,2022
946,2016
947,2023
948,2015
949,2020
950,2017
951,2014
952,2015
953,2018
954,2023
955,2016
956,2020
957,2022
958,2021
959,2019
960,2020
961,2018
962,2023
963,2015
964,2019
965,2021
966,2022
967,2014
968,2016
969,2017
970,2015
971,2014
972,2020
973,2022
974,2018
975,2016
976,2023
977,2021
978,2019
979,2017
980,2017
981,2015
982,2023
983,2021
984,2018
985,2014
986,2022
987,2016
988,2020
989,2019
990,2020
991,2021
992,2015
993,2022
994,2018
995,2014
996,2017
997,2019
998,2016
999,2023
1000,2019
1001,2023
1002,2015
1003,2017
1004,2016
1005,2021
1006,2014
1007,2018
1008,2022
1009,2020
1010,2014
1011,2016
1012,2017
1013,2021
1014,2018
1015,2022
1016,2015
1017,2023
1018,2019
1019,2020
1020,2019
1021,2021
1022,2022
1023,2020
1024,2023
1025,2018
1026,2016
1027,2017
1028,2015
1029,2014
1030,2015
1031,2020
1032,2022
1033,2019
1034,2021
1035,2017
1036,2014
1037,2023
1038,2016
1039,2018
1040,2020
1041,2019
1042,2017
1043,2015
1044,2018
1045,2021
1046,2014
1047,2022
1048,2023
1049,2016
1050,2016
1051,2014
1052,2015
1053,2021
1054,2019
1055,2017
1056,2023
1057,2022
1058,2020
1059,2018
1060,2023
1061,2020
1062,2018
1063,2022
1064,2014
1065,2021
1066,2019
1067,2017
1068,2016
1069,2015
1070,2014
1071,2021
1072,2019
1073,2018
1074,2022
1075,2015
1076,2023
1077,2017
1078,2016
1079,2020
1080,2020
1081,2023
1082,2021
1083,2014
1084,2019
1085,2018
1086,2015
1087,2022
1088,2017
1089,2016
1090,2018
1091,2017
1092,2021
1093,2023
1094,2014
1095,2022
1096,2019
1097,2016
1098,2020
1099,2015
1100,2018
1101,2016
1102,2023
1103,2021
1104,2015
1105,2022
1106,2019
1107,2017
1108,2020
1109,2014
1110,2014
1111,2022
1112,2017
1113,2015
1114,2023
1115,2021
1116,2019
1117,2016
1118,2020
1119,2018
1120,2014
1121,2018
1122,2021
1123,2016
1124,2020
1125,2022
1126,2015
1127,2019
1128,2017
1129,2023
1130,2023
1131,2016
1132,2018
1133,2021
1134,2017
1135,2020
1136,2022
1137,2015
1138,2019
1139,2014
1140,2017
1141,2023
1142,2018
1143,2022
1144,2015
1145,2021
1146,2016
1147,2020
1148,2014
1149,2019
1150,2022
1151,2015
1152,2017
1153,2014
1154,2021
1155,2019
1156,2023
1157,2016
1158,2020
1159,2018
1160,2018
1161,2022
1162,2019
1163,2017
1164,2020
1165,2023
1166,2014
1167,2021
1168,2015
1169,2016
1170,2016
1171,2019
1172,2020
1173,2023
1174,2021
1175,2022
1176,2015
1177,2014
1178,2017
1179,2018
1180,2019
1181,2022
1182,2014
1183,2017
1184,2021
1185,2023
1186,2016
1187,2018
1188,2020
1189,2015
1190,2017
1191,2019
1192,2018
1193,2023
1194,2016
1195,2014
1196,2022
1197,2015
1198,2021
1199,2020
1200,2023
1201,2016
1202,2015
1203,2018
1204,2022
1205,2021
1206,2014
1207,2019
1208,2020
1209,2017
1210,2019
1211,2021
1212,2014
1213,2020
1214,2015
1215,2016
1216,2022
1217,2018
1218,2017
1219,2023
1220,2018
1221,2020
1222,2019
1223,2016
1224,2015
1225,2022
1226,2021
1227,2017
1228,2014
1229,2023
1230,2018
1231,2014
1232,2017
1233,2022
1234,2021
1235,2023
1236,2019
1237,2016
1238,2020
1239,2015
1240,2015
1241,2022
1242,2018
1243,2014
1244,2020
1245,2017
1246,2019
1247,2021
1248,2023
1249,2016
1250,2014
1251,2023
1252,2015
1253,2018
1254,2019
1255,2016
1256,2020
1257,2021
1258,2017
1259,2022
1260,2020
1261,2017
1262,2019
1263,2022
1264,2015
1265,2014
1266,2023
1267,2018
1268,2016
1269,2021
1270,2022
1271,2014
1272,2020
1273,2018
1274,2016
1275,2015
1276,2023
1277,2021
1278,2017
1279,2019
1280,2023
1281,2017
1282,2021
1283,2016
1284,2019
1285,2014
1286,2020
1287,2022
1288,2018
1289,2015
1290,2019
1291,2020
1292,2015
1293,2023
1294,2021
1295,2017
1296,2014
1297,2018
1298,2016
1299,2022
1300,2018
1301,2022
1302,2016
1303,2021
1304,2020
1305,2014
1306,2015
1307,2017
1308,2023
1309,2019
1310,2022
1311,2016
1312,2017
1313,2014
1314,2015
1315,2021
1316,2019
1317,2018
1318,2020
1319,2023
1320,2015
1321,2020
1322,2023
1323,2021
1324,2022
1325,2019
1326,2016
1327,2017
1328,2014
1329,2018
1330,2018
1331,2014
1332,2019
1333,2022
1334,2023
1335,2017
1336,2015
1337,2021
1338,2016
1339,2020
1340,2023
1341,2018
1342,2020
1343,2022
1344,2017
1345,2019
1346,2021
1347,2015
1348,2016
1349,2014
1350,2023
1351,2014
1352,2018
1353,2016
1354,2019
1355,2022
1356,2017
1357,2015
1358,2020
1359,2021
1360,2020
1361,2022
1362,2016
1363,2017
1364,2014
1365,2021
1366,2023
1367,2015
1368,2018
1369,2019
1370,2015
1371,2023
1372,2018
1373,2016
1374,2017
1375,2022
1376,2019
1377,2021
1378,2014
1379,2020
1380,2014
1381,2016
1382,2022
1383,2018
1384,2021
1385,2015
1386,2023
1387,2017
1388,2020
1389,2019
1390,2016
1391,2014
1392,2018
1393,2017
1394,2019
1395,2020
1396,2015
1397,2022
1398,2023
1399,2021
1400,2023
1401,2014
1402,2017
1403,2021
1404,2020
1405,2019
1406,2015
1407,2016
1408,2022
1409,2018
1410,2015
1411,2020
1412,2021
1413,2018
1414,2023
1415,2017
1416,2014
1417,2016
1418,2022
1419,2019
1420,2017
1421,2016
1422,2014
1423,2019
1424,2022
1425,2018
1426,2021
1427,2020
1428,2015
1429,2023
1430,2023
1431,2019
1432,2020
1433,2014
1434,2017
1435,2016
1436,2018
1437,2015
1438,2021
1439,2022
1440,2014
1441,2016
1442,2019
1443,2022
1444,2017
1445,2018
1446,2015
1447,2020
1448,2021
1449,2023
1450,2017
1451,2023
1452,2022
1453,2016
1454,2019
1455,2018
1456,2020
1457,2021
1458,2015
1459,2014
1460,2021
1461,2014
1462,2022
1463,2020
1464,2017
1465,2019
1466,2015
1467,2023
1468,2016
1469,2018
1470,2023
1471,2020
1472,2021
1473,2019
1474,2022
1475,2016
1476,2015
1477,2014
1478,2018
1479,2017
1480,2020
1481,2023
1482,2022
1483,2016
1484,2014
1485,2017
1486,2021
1487,2018
1488,2019
1489,2015
1490,2017
1491,2016
1492,2018
1493,2014
1494,2019
1495,2015
1496,2020
1497,2022
1498,2023
1499,2021
1500,2015
1501,2017
1502,2020
1503,2018
1504,2022
1505,2019
1506,2014
1507,2023
1508,2021
1509,2016
1510,2018
1511,2023
1512,2021
1513,2019
1514,2020
1515,2016
1516,2017
1517,2015
1518,2022
1519,2014
1520,2015
1521,2022
1522,2017
1523,2019
1524,2016
1525,2020
1526,2018
1527,2023
1528,2021
1529,2014
1530,2019
1531,2016
1532,2018
1533,2017
1534,2022
1535,2021
1536,2023
1537,2020
1538,2014
1539,2015
1540,2019
1541,2014
1542,2017
1543,2021
1544,2020
1545,2018
1546,2022
1547,2023
1548,2016
1549,2015
1550,2019
1551,2021
1552,2017
1553,2016
1554,2022
1555,2015
1556,2023
1557,2014
1558,2018
1559,2020
1560,2019
1561,2020
1562,2018
1563,2022
1564,2015
1565,2016
1566,2023
1567,2014
1568,2017
1569,2021
1570,2016
1571,2022
1572,2015
1573,2023
1574,2014
1575,2017
1576,2018
1577,2020
1578,2019
1579,2021
1580,2017
1581,2022
1582,2020
1583,2021
1584,2018
1585,2019
1586,2023
1587,2014
1588,2016
1589,2015
1590,2020
1591,2017
1592,2018
1593,2016
1594,2022
1595,2015
1596,2023
1597,2014
1598,2019
1599,2021
1600,2016
1601,2019
1602,2021
1603,2017
1604,2023
1605,2020
1606,2018
1607,2014
1608,2015
1609,2022
1610,2022
1611,2021
1612,2020
1613,2023
1614,2014
1615,2016
1616,2017
1617,2015
1618,2018
1619,2019
1620,2023
1621,2017
1622,2021
1623,2014
1624,2019
1625,2016
1626,2018
1627,2022
1628,2015
1629,2020
1630,2020
1631,2022
1632,2019
1633,2023
1634,2021
1635,2017
1636,2016
1637,2018
1638,2014
1639,2015
1640,2018
1641,2017
1642,2019
1643,2016
1644,2015
1645,2020
1646,2021
1647,2022
1648,2023
1649,2014
1650,2017
1651,2023
1652,2019
1653,2020
1654,2016
1655,2015
1656,2014
1657,2018
1658,2022
1659,2021
1660,2015
1661,2016
1662,2020
1663,2023
1664,2022
1665,2021
1666,2019
1667,2014
1668,2018
1669,2017
1670,2020
1671,2017
1672,2021
1673,2016
1674,2023
1675,2014
1676,2018
1677,2019
1678,2022
1679,2015
1680,2020
1681,2015
1682,2014
1683,2017
1684,2016
1685,2023
1686,2019
1687,2021
1688,2018
1689,2022
1690,2022
1691,2020
1692,2021
1693,2019
1694,2015
1695,2018
1696,2014
1697,2016
1698,2023
1699,2017
1700,2015
1701,2022
1702,2016
1703,2019
1704,2021
1705,2023
1706,2017
1707,2020
1708,2014
1709,2018
1710,2020
1711,2019
1712,2014
1713,2021
1714,2023
1715,2017
1716,2016
1717,2015
1718,2018
1719,2022
1720,2019
1721,2020
1722,2022
1723,2017
1724,2018
1725,2023
1726,2014
1727,2015
1728,2021
1729,2016
1730,2021
1731,2016
1732,2023
1733,2020
1734,2018
1735,2017
1736,2022
1737,2019
1738,2014
1739,2015
1740,2022
1741,2014
1742,2021
1743,2019
1744,2020
1745,2017
1746,2015
1747,2023
1748,2016
1749,2018
1750,2015
1751,2019
1752,2018
1753,2014
1754,2016
1755,2021
1756,2017
1757,2022
1758,2023
1759,2020
1760,2014
1761,2020
1762,2021
1763,2019
1764,2018
1765,2015
1766,2017
1767,2023
1768,2016
1769,2022
1770,2018
1771,2023
1772,2017
1773,2016
1774,2021
1775,2019
1776,2015
1777,2020
1778,2022
1779,2014
1780,2019
1781,2021
1782,2020
1783,2022
1784,2015
1785,2016
1786,2018
1787,2014
1788,2023
1789,2017
1790,2022
1791,2015
1792,2018
1793,2014
1794,2020
1795,2016
1796,2021
1797,2023
1798,2017
1799,2019
1800,2020
1801,2015
1802,2021
1803,2023
1804,2014
1805,2018
1806,2022
1807,2019
1808,2016
1809,2017
1810,2018
1811,2017
1812,2015
1813,2020
1814,2021
1815,2019
1816,2016
1817,2022
1818,2014
1819,2023
1820,2014
1821,2017
1822,2016
1823,2022
1824,2021
1825,2015
1826,2023
1827,2020
1828,2018
1829,2019
1830,2018
1831,2014
1832,2023
1833,2016
1834,2015
1835,2019
1836,2021
1837,2020
1838,2017
1839,2022
1840,2018
1841,2020
1842,2015
1843,2021
1844,2022
1845,2017
1846,2014
1847,2016
1848,2019
1849,2023
1850,2021
1851,2020
1852,2023
1853,2016
1854,2018
1855,2017
1856,2019
1857,2015
1858,2014
1859,2022
1860,2015
1861,2020
1862,2019
1863,2018
1864,2021
1865,2017
1866,2023
1867,2016
1868,2014
1869,2022
1870,2019
1871,2015
1872,2017
1873,2020
1874,2016
1875,2021
1876,2023
1877,2014
1878,2022
1879,2018
1880,2023
1881,2019
1882,2022
1883,2017
1884,2018
1885,2016
1886,2014
1887,2020
1888,2021
1889,2015
1890,2017
1891,2019
1892,2016
1893,2020
1894,2018
1895,2023
1896,2022
1897,2015
1898,2021
1899,2014
1900,2019
1901,2021
1902,2020
1903,2016
1904,2023
1905,2015
1906,2014
1907,2018
1908,2022
1909,2017
1910,2021
1911,2019
1912,2023
1913,2022
1914,2016
1915,2014
1916,2020
1917,2015
1918,2017
1919,2018
1920,2015
1921,2020
1922,2017
1923,2022
1924,2019
1925,2018
1926,2014
1927,2016
1928,2021
1929,2023
1930,2016
1931,2021
1932,2017
1933,2018
1934,2020
1935,2014
1936,2023
1937,2019
1938,2022
1939,2015
1940,2017
1941,2019
1942,2022
1943,2020
1944,2018
1945,2015
1946,2016
1947,2023
1948,2021
1949,2014
1950,2019
1951,2014
1952,2017
1953,2016
1954,2022
1955,2020
1956,2018
1957,2021
1958,2023
1959,2015
1960,2023
1961,2014
1962,2019
1963,2017
1964,2020
1965,2016
1966,2021
1967,2018
1968,2015
1969,2022
1970,2022
1971,2019
1972,2015
1973,2018
1974,2023
1975,2016
1976,2021
1977,2020
1978,2014
1979,2017
1980,2017
1981,2016
1982,2021
1983,2014
1984,2022
1985,2020
1986,2015
1987,2023
1988,2019
1989,2018
1990,2022
1991,2020
1992,2017
1993,2016
1994,2019
1995,2021
1996,2023
1997,2018
1998,2015
1999,2014
2000,2017
2001,2015
2002,2020
2003,2021
2004,2023
2005,2022
2006,2016
2007,2019
2008,2018
2009,2014
2010,2022
2011,2018
2012,2017
2013,2021
2014,2019
2015,2020
2016,2023
2017,2015
2018,2016
2019,2014
2020,2021
2021,2014
2022,2016
2023,2022
2024,2017
2025,2023
2026,2015
2027,2018
2028,2019
2029,2020
2030,2023
2031,2021
2032,2014
2033,2017
2034,2022
2035,2018
2036,2020
2037,2019
2038,2016
2039,2015
2040,2023
2041,2022
2042,2014
2043,2017
2044,2020
2045,2016
2046,2018
2047,2021
2048,2019
2049,2015
2050,2019
2051,2014
2052,2018
2053,2020
2054,2016
2055,2023
2056,2021
2057,2015
2058,2022
2059,2017
2060,2018
2061,2019
2062,2021
2063,2014
2064,2017
2065,2020
2066,2015
2067,2023
2068,2022
2069,2016
2070,2014
2071,2015
2072,2023
2073,2018
2074,2021
2075,2019
2076,2022
2077,2017
2078,2016
2079,2020
2080,2018
2081,2016
2082,2020
2083,2017
2084,2014
2085,2022
2086,2019
2087,2021
2088,2015
2089,2023
2090,2015
2091,2019
2092,2016
2093,2022
2094,2020
2095,2018
2096,2017
2097,2023
2098,2014
2099,2021
2100,2018
2101,2020
2102,2023
2103,2016
2104,2014
2105,2017
2106,2019
2107,2022
2108,2021
2109,2015
2110,2016
2111,2022
2112,2015
2113,2023
2114,2019
2115,2017
2116,2018
2117,2021
2118,2014
2119,2020
2120,2023
2121,2021
2122,2014
2123,2016
2124,2022
2125,2017
2126,2015
2127,2018
2128,2019
2129,2020
2130,2015
2131,2014
2132,2016
2133,2021
2134,2017
2135,2019
2136,2018
2137,2020
2138,2022
2139,2023
2140,2021
2141,2016
2142,2015
2143,2023
2144,2022
2145,2018
2146,2019
2147,2020
2148,2014
2149,2017
2150,2019
2151,2017
2152,2023
2153,2022
2154,2018
2155,2020
2156,2016
2157,2021
2158,2014
2159,2015
2160,2023
2161,2021
2162,2022
2163,2017
2164,2015
2165,2020
2166,2019
2167,2016
2168,2018
2169,2014
2170,2015
2171,2023
2172,2022
2173,2020
2174,2016
2175,2017
2176,2014
2177,2018
2178,2021
2179,2019
2180,2019
2181,2016
2182,2017
2183,2015
2184,2018
2185,2021
2186,2020
2187,2023
2188,2014
2189,2022
2190,2021
2191,2023
2192,2015
2193,2020
2194,2017
2195,2022
2196,2019
2197,2016
2198,2014
2199,2018
2200,2017
2201,2014
2202,2018
2203,2015
2204,2021
2205,2023
2206,2020
2207,2016
2208,2022
2209,2019
2210,2015
2211,2016
2212,2022
2213,2018
2214,2023
2215,2020
2216,2017
2217,2019
2218,2014
2219,2021
2220,2020
2221,2022
2222,2021
2223,2018
2224,2014
2225,2016
2226,2023
2227,2019
2228,2015
2229,2017
2230,2023
2231,2014
2232,2017
2233,2020
2234,2022
2235,2019
2236,2016
2237,2018
2238,2021
2239,2015
2240,2015
2241,2016
2242,2020
2243,2018
2244,2014
2245,2023
2246,2017
2247,2021
2248,2019
2249,2022
2250,2023
2251,2014
2252,2020
2253,2021
2254,2019
2255,2018
2256,2017
2257,2016
2258,2015
2259,2022
2260,2017
2261,2022
2262,2016
2263,2015
2264,2023
2265,2020
2266,2018
2267,2019
2268,2014
2269,2021
2270,2022
2271,2020
2272,2018
2273,2019
2274,2021
2275,2023
2276,2015
2277,2014
2278,2017
2279,2016
2280,2018
2281,2022
2282,2017
2283,2014
2284,2019
2285,2015
2286,2020
2287,2016
2288,2023
2289,2021
2290,2016
2291,2020
2292,2015
2293,2017
2294,2018
2295,2022
2296,2019
2297,2021
2298,2014
2299,2023
2300,2020
2301,2017
2302,2023
2303,2021
2304,2014
2305,2019
2306,2015
2307,2022
2308,2018
2309,2016
2310,2014
2311,2015
2312,2021
2313,2017
2314,2022
2315,2016
2316,2018
2317,2019
2318,2020
2319,2023
2320,2020
2321,2021
2322,2015
2323,2014
2324,2016
2325,2017
2326,2019
2327,2022
2328,2023
2329,2018
2330,2019
2331,2020
2332,2021
2333,2016
2334,2023
2335,2015
2336,2014
2337,2017
2338,2022
2339,2018
2340,2020
2341,2021
2342,2016
2343,2023
2344,2018
2345,2017
2346,2015
2347,2022
2348,2019
2349,2014
2350,2019
2351,2015
2352,2016
2353,2018
2354,2022
2355,2020
2356,2017
2357,2023
2358,2014
2359,2021
2360,2017
2361,2021
2362,2018
2363,2014
2364,2016
2365,2020
2366,2019
2367,2022
2368,2023
2369,2015
2370,2019
2371,2021
2372,2018
2373,2014
2374,2022
2375,2017
2376,2016
2377,2020
2378,2023
2379,2015
2380,2022
2381,2014
2382,2018
2383,2023
2384,2020
2385,2017
2386,2015
2387,2021
2388,2016
2389,2019
2390,2017
2391,2022
2392,2015
2393,2020
2394,2014
2395,2023
2396,2016
2397,2019
2398,2021
2399,2018
2400,2016
2401,2017
2402,2015
2403,2022
2404,2019
2405,2020
2406,2014
2407,2018
2408,2023
2409,2021
2410,2016
2411,2014
2412,2022
2413,2017
2414,2020
2415,2021
2416,2019
2417,2023
2418,2018
2419,2015
2420,2014
2421,2022
2422,2019
2423,2023
2424,2017
2425,2015
2426,2020
2427,2021
2428,2016
2429,2018
2430,2014
2431,2017
2432,2015
2433,2021
2434,2018
2435,2023
2436,2020
2437,2016
2438,2022
2439,2019
2440,2017
2441,2016
2442,2020
2443,2018
2444,2022
2445,2023
2446,2019
2447,2015
2448,2014
2449,2021
2450,2014
2451,2023
2452,2018
2453,2019
2454,2015
2455,2022
2456,2017
2457,2016
2458,2021
2459,2020
2460,2022
2461,2021
2462,2020
2463,2019
2464,2023
2465,2016
2466,2017
2467,2015
2468,2014
2469,2018
2470,2017
2471,2022
2472,2020
2473,2018
2474,2023
2475,2016
2476,2021
2477,2019
2478,2014
2479,2015
2480,2018
2481,2023
2482,2017
2483,2016
2484,2022
2485,2015
2486,2020
2487,2021
2488,2019
2489,2014
2490,2021
2491,2016
2492,2020
2493,2014
2494,2019
2495,2022
2496,2023
2497,2015
2498,2018
2499,2017
2500,2023
2501,2020
2502,2018
2503,2014
2504,2022
2505,2019
2506,2016
2507,2017
2508,2021
2509,2015
2510,2017
2511,2020
2512,2014
2513,2023
2514,2019
2515,2015
2516,2022
2517,2016
2518,2021
2519,2018
2520,2016
2521,2020
2522,2018
2523,2022
2524,2015
2525,2017
2526,2021
2527,2014
2528,2023
2529,2019
2530,2020
2531,2014
2532,2019
2533,2021
2534,2023
2535,2018
2536,2022
2537,2015
2538,2016
2539,2017
2540,2016
2541,2018
2542,2014
2543,2022
2544,2020
2545,2015
2546,2019
2547,2021
2548,2017
2549,2023
2550,2021
2551,2022
2552,2015
2553,2018
2554,2014
2555,2017
2556,2020
2557,2023
2558,2019
2559,2016
2560,2021
2561,2018
2562,2022
2563,2023
2564,2015
2565,2020
2566,2014
2567,2016
2568,2019
2569,2017
2570,2018
2571,2017
2572,2022
2573,2014
2574,2015
2575,2023
2576,2019
2577,2021
2578,2020
2579,2016
2580,2014
2581,2022
2582,2016
2583,2021
2584,2020
2585,2023
2586,2018
2587,2017
2588,2015
2589,2019
2590,2022
2591,2014
2592,2020
2593,2015
2594,2017
2595,2023
2596,2018
2597,2021
2598,2019
2599,2016
2600,2017
2601,2023
2602,2016
2603,2018
2604,2015
2605,2021
2606,2022
2607,2020
2608,2019
2609,2014
2610,2014
2611,2018
2612,2019
2613,2022
2614,2016
2615,2017
2616,2015
2617,2021
2618,2023
2619,2020
2620,2017
2621,2018
2622,2023
2623,2014
2624,2016
2625,2015
2626,2022
2627,2021
2628,2020
2629,2019
2630,2021
2631,2022
2632,2018
2633,2019
2634,2014
2635,2023
2636,2015
2637,2016
2638,2017
2639,2020
2640,2019
2641,2021
2642,2023
2643,2015
2644,2020
2645,2022
2646,2014
2647,2017
2648,2016
2649,2018
2650,2014
2651,2019
2652,2017
2653,2020
2654,2015
2655,2021
2656,2016
2657,2023
2658,2018
2659,2022
2660,2019
2661,2018
2662,2017
2663,2015
2664,2020
2665,2016
2666,2022
2667,2023
2668,2014
2669,2021
2670,2014
2671,2022
2672,2023
2673,2021
2674,2020
2675,2018
2676,2019
2677,2015
2678,2017
2679,2016
2680,2014
2681,2016
2682,2022
2683,2020
2684,2017
2685,2019
2686,2018
2687,2023
2688,2015
2689,2021
2690,2022
2691,2020
2692,2016
2693,2014
2694,2021
2695,2018
2696,2019
2697,2015
2698,2017
2699,2023
2700,2017
2701,2015
2702,2020
2703,2019
2704,2014
2705,2021
2706,2022
2707,2023
2708,2018
2709,2016
2710,2017
2711,2022
2712,2020
2713,2014
2714,2015
2715,2019
2716,2016
2717,2021
2718,2023
2719,2018
2720,2018
2721,2022
2722,2020
2723,2015
2724,2019
2725,2023
2726,2017
2727,2014
2728,2016
2729,2021
2730,2022
2731,2017
2732,2016
2733,2020
2734,2021
2735,2019
2736,2015
2737,2023
2738,2018
2739,2014
2740,2017
2741,2019
2742,2023
2743,2014
2744,2022
2745,2018
2746,2021
2747,2016
2748,2015
2749,2020
2750,2023
2751,2017
2752,2019
2753,2015
2754,2016
2755,2020
2756,2021
2757,2018
2758,2022
2759,2014
2760,2018
2761,2023
2762,2022
2763,2017
2764,2020
2765,2015
2766,2014
2767,2021
2768,2016
2769,2019
2770,2014
2771,2022
2772,2018
2773,2016
2774,2017
2775,2021
2776,2015
2777,2019
2778,2020
2779,2023
2780,2019
2781,2015
2782,2022
2783,2023
2784,2014
2785,2020
2786,2016
2787,2021
2788,2017
2789,2018
2790,2021
2791,2019
2792,2022
2793,2017
2794,2015
2795,2023
2796,2014
2797,2016
2798,2020
2799,2018
2800,2016
2801,2014
2802,2020
2803,2023
2804,2021
2805,2019
2806,2018
2807,2015
2808,2022
2809,2017
2810,2020
2811,2017
2812,2014
2813,2021
2814,2018
2815,2016
2816,2022
2817,2023
2818,2015
2819,2019
2820,2015
2821,2019
2822,2023
2823,2022
2824,2017
2825,2016
2826,2020
2827,2018
2828,2021
2829,2014
2830,2014
2831,2020
2832,2015
2833,2016
2834,2022
2835,2023
2836,2018
2837,2021
2838,2019
2839,2017
2840,2014
2841,2020
2842,2018
2843,2017
2844,2015
2845,2016
2846,2022
2847,2019
2848,2021
2849,2023
2850,2021
2851,2017
2852,2023
2853,2014
2854,2015
2855,2022
2856,2016
2857,2019
2858,2020
2859,2018
2860,2015
2861,2017
2862,2021
2863,2014
2864,2016
2865,2020
2866,2023
2867,2019
2868,2022
2869,2018
2870,2022
2871,2019
2872,2017
2873,2016
2874,2021
2875,2020
2876,2015
2877,2023
2878,2018
2879,2014
2880,2020
2881,2023
2882,2014
2883,2018
2884,2015
2885,2017
2886,2022
2887,2021
2888,2016
2889,2019
2890,2022
2891,2015
2892,2020
2893,2014
2894,2017
2895,2016
2896,2021
2897,2019
2898,2023
2899,2018
2900,2021
2901,2016
2902,2017
2903,2020
2904,2014
2905,2015
2906,2018
2907,2019
2908,2022
2909,2023
2910,2021
2911,2020
2912,2017
2913,2014
2914,2015
2915,2018
2916,2016
2917,2022
2918,2019
2919,2023
2920,2018
2921,2019
2922,2014
2923,2022
2924,2017
2925,2020
2926,2021
2927,2023
2928,2016
2929,2015
2930,2014
2931,2023
2932,2017
2933,2018
2934,2015
2935,2021
2936,2020
2937,2019
2938,2022
2939,2016
2940,2023
2941,2014
2942,2021
2943,2018
2944,2020
2945,2016
2946,2022
2947,2017
2948,2019
2949,2015
2950,2020
2951,2014
2952,2015
2953,2019
2954,2022
2955,2018
2956,2016
2957,2017
2958,2021
2959,2023
2960,2022
2961,2023
2962,2020
2963,2014
2964,2019
2965,2015
2966,2017
2967,2018
2968,2016
2969,2021
2970,2018
2971,2016
2972,2022
2973,2015
2974,2017
2975,2023
2976,2021
2977,2020
2978,2019
2979,2014
2980,2021
2981,2015
2982,2018
2983,2023
2984,2019
2985,2017
2986,2014
2987,2020
2988,2022
2989,2016
2990,2022
2991,2021
2992,2016
2993,2014
2994,2017
2995,2023
2996,2019
2997,2018
2998,2020
2999,2015
3000,2015
3001,2019
3002,2021
3003,2023
3004,2017
3005,2020
3006,2018
3007,2022
3008,2014
3009,2016
3010,2019
3011,2022
3012,2016
3013,2014
3014,2017
3015,2015
3016,2021
3017,2018
3018,2020
3019,2023
3020,2016
3021,2023
3022,2020
3023,2015
3024,2017
3025,2019
3026,2022
3027,2014
3028,2021
3029,2018
3030,2018
3031,2014
3032,2020
3033,2023
3034,2019
3035,2017
3036,2016
3037,2015
3038,2022
3039,2021
3040,2023
3041,2022
3042,2021
3043,2018
3044,2020
3045,2016
3046,2015
3047,2014
3048,2019
3049,2017
3050,2021
3051,2019
3052,2020
3053,2017
3054,2014
3055,2023
3056,2022
3057,2016
3058,2015
3059,2018
3060,2022
3061,2019
3062,2023
3063,2016
3064,2017
3065,2015
3066,2021
3067,2014
3068,2018
3069,2020
3070,2014
3071,2022
3072,2017
3073,2015
3074,2019
3075,2020
3076,2021
3077,2016
3078,2023
3079,2018
3080,2019
3081,2014
3082,2016
3083,2017
3084,2018
3085,2015
3086,2022
3087,2023
3088,2020
3089,2021
3090,2017
3091,2022
3092,2021
3093,2019
3094,2014
3095,2018
3096,2020
3097,2015
3098,2023
3099,2016
3100,2020
3101,2019
3102,2022
3103,2023
3104,2014
3105,2017
3106,2015
3107,2016
3108,2021
3109,2018
3110,2022
3111,2020
3112,2023
3113,2017
3114,2018
3115,2016
3116,2014
3117,2021
3118,2015
3119,2019
3120,2019
3121,2022
3122,2020
3123,2021
3124,2016
3125,2015
3126,2014
3127,2017
3128,2023
3129,2018
3130,2022
3131,2015
3132,2020
3133,2016
3134,2019
3135,2021
3136,2017
3137,2023
3138,2014
3139,2018
3140,2014
3141,2015
3142,2017
3143,2019
3144,2022
3145,2021
3146,2020
3147,2018
3148,2016
3149,2023
3150,2019
3151,2016
3152,2017
3153,2018
3154,2015
3155,2023
3156,2021
3157,2014
3158,2020
3159,2022
3160,2015
3161,2019
3162,2016
3163,2023
3164,2014
3165,2017
3166,2022
3167,2020
3168,2018
3169,2021
3170,2019
3171,2015
3172,2020
3173,2023
3174,2021
3175,2018
3176,2016
3177,2014
3178,2017
3179,2022
3180,2019
3181,2023
3182,2022
3183,2015
3184,2021
3185,2016
3186,2017
3187,2014
3188,2018
3189,2020
3190,2019
3191,2021
3192,2018
3193,2016
3194,2022
3195,2020
3196,2014
3197,2015
3198,2017
3199,2023
3200,2022
3201,2014
3202,2020
3203,2016
3204,2015
3205,2021
3206,2017
3207,2023
3208,2019
3209,2018
3210,2015
3211,2023
3212,2016
3213,2022
3214,2020
3215,2018
3216,2019
3217,2014
3218,2017
3219,2021
3220,2016
3221,2021
3222,2014
3223,2015
3224,2023
3225,2018
3226,2022
3227,2019
3228,2020
3229,2017
3230,2022
3231,2017
3232,2014
3233,2015
3234,2018
3235,2020
3236,2019
3237,2023
3238,2016
3239,2021
3240,2016
3241,2014
3242,2018
3243,2022
3244,2017
3245,2021
3246,2020
3247,2019
3248,2023
3249,2015
3250,2017
3251,2021
3252,2018
3253,2014
3254,2023
3255,2020
3256,2016
3257,2019
3258,2015
3259,2022
3260,2022
3261,2020
3262,2023
3263,2018
3264,2015
3265,2014
3266,2016
3267,2019
3268,2021
3269,2017
3270,2016
3271,2023
3272,2015
3273,2014
3274,2018
3275,2019
3276,2022
3277,2020
3278,2021
3279,2017
3280,2019
3281,2020
3282,2021
3283,2015
3284,2023
3285,2014
3286,2022
3287,2017
3288,2016
3289,2018
3290,2017
3291,2016
3292,2018
3293,2015
3294,2020
3295,2023
3296,2021
3297,2019
3298,2014
3299,2022
3300,2015
3301,2016
3302,2017
3303,2014
3304,2022
3305,2019
3306,2023
3307,2018
3308,2021
3309,2020
3310,2018
3311,2022
3312,2017
3313,2021
3314,2014
3315,2015
3316,2023
3317,2019
3318,2016
3319,2020
3320,2018
3321,2022
3322,2017
3323,2019
3324,2016
3325,2021
3326,2023
3327,2015
3328,2014
3329,2020
3330,2017
3331,2022
3332,2014
3333,2020
3334,2023
3335,2015
3336,2021
3337,2018
3338,2019
3339,2016
3340,2014
3341,2021
3342,2017
3343,2023
3344,2018
3345,2015
3346,2020
3347,2022
3348,2019
3349,2016
3350,2021
3351,2018
3352,2019
3353,2015
3354,2017
3355,2023
3356,2020
3357,2014
3358,2022
3359,2016
3360,2023
3361,2019
3362,2015
3363,2020
3364,2022
3365,2016
3366,2017
3367,2014
3368,2021
3369,2018
3370,2020
3371,2022
3372,2017
3373,2016
3374,2019
3375,2015
3376,2018
3377,2014
3378,2021
3379,2023
3380,2021
3381,2023
3382,2019
3383,2022
3384,2020
3385,2015
3386,2018
3387,2014
3388,2017
3389,2016
3390,2017
3391,2016
3392,2014
3393,2015
3394,2022
3395,2019
3396,2020
3397,2023
3398,2018
3399,2021
3400,2021
3401,2018
3402,2020
3403,2016
3404,2022
3405,2015
3406,2019
3407,2014
3408,2017
3409,2023
3410,2014
3411,2015
3412,2017
3413,2016
3414,2019
3415,2023
3416,2018
3417,2021
3418,2020
3419,2022
3420,2022
3421,2021
3422,2015
3423,2017
3424,2016
3425,2018
3426,2019
3427,2014
3428,2023
3429,2020
3430,2016
3431,2021
3432,2018
3433,2019
3434,2023
3435,2015
3436,2020
3437,2022
3438,2017
3439,2014
3440,2022
3441,2017
3442,2021
3443,2014
3444,2016
3445,2023
3446,2015
3447,2018
3448,2020
3449,2019
3450,2018
3451,2016
3452,2017
3453,2019
3454,2015
3455,2023
3456,2021
3457,2020
3458,2014
3459,2022
3460,2017
3461,2020
3462,2015
3463,2016
3464,2014
3465,2023
3466,2021
3467,2019
3468,2018
3469,2022
3470,2020
3471,2016
3472,2015
3473,2019
3474,2021
3475,2023
3476,2022
3477,2017
3478,2018
3479,2014
3480,2022
3481,2017
3482,2019
3483,2020
3484,2014
3485,2015
3486,2021
3487,2023
3488,2016
3489,2018
3490,2020
3491,2018
3492,2016
3493,2022
3494,2017
3495,2019
3496,2023
3497,2015
3498,2014
3499,2021
3500,2017
3501,2023
3502,2022
3503,2015
3504,2021
3505,2014
3506,2019
3507,2020
3508,2016
3509,2018
3510,2017
3511,2014
3512,2019
3513,2023
3514,2015
3515,2016
3516,2022
3517,2021
3518,2018
3519,2020
3520,2020
3521,2017
3522,2015
3523,2018
3524,2021
3525,2019
3526,2023
3527,2016
3528,2014
3529,2022
3530,2021
3531,2014
3532,2022
3533,2023
3534,2019
3535,2016
3536,2015
3537,2020
3538,2018
3539,2017
3540,2023
3541,2020
3542,2016
3543,2014
3544,2022
3545,2019
3546,2018
3547,2017
3548,2015
3549,2021
3550,2020
3551,2014
3552,2015
3553,2018
3554,2021
3555,2022
3556,2023
3557,2019
3558,2017
3559,2016
3560,2018
3561,2016
3562,2015
3563,2023
3564,2021
3565,2022
3566,2019
3567,2020
3568,2014
3569,2017
3570,2015
3571,2022
3572,2019
3573,2023
3574,2017
3575,2016
3576,2014
3577,2021
3578,2020
3579,2018
3580,2023
3581,2022
3582,2020
3583,2015
3584,2014
3585,2019
3586,2017
3587,2018
3588,2021
3589,2016
3590,2014
3591,2023
3592,2016
3593,2015
3594,2021
3595,2022
3596,2017
3597,2019
3598,2018
3599,2020
3600,2015
3601,2018
3602,2016
3603,2021
3604,2020
3605,2023
3606,2017
3607,2022
3608,2019
3609,2014
3610,2014
3611,2015
3612,2019
3613,2021
3614,2023
3615,2017
3616,2018
3617,2020
3618,2022
3619,2016
3620,2019
3621,2014
3622,2017
3623,2018
3624,2020
3625,2022
3626,2015
3627,2021
3628,2023
3629,2016
3630,2018
3631,2014
3632,2020
3633,2019
3634,2017
3635,2016
3636,2023
3637,2021
3638,2015
3639,2022
3640,2020
3641,2018
3642,2023
3643,2021
3644,2015
3645,2014
3646,2022
3647,2016
3648,2019
3649,2017
3650,2023
3651,2016
3652,2018
3653,2022
3654,2020
3655,2019
3656,2014
3657,2015
3658,2017
3659,2021
3660,2014
3661,2023
3662,2018
3663,2020
3664,2021
3665,2017
3666,2019
3667,2022
3668,2016
3669,2015
3670,2018
3671,2021
3672,2023
3673,2017
3674,2020
3675,2016
3676,2019
3677,2015
3678,2014
3679,2022
3680,2016
3681,2014
3682,2022
3683,2021
3684,2018
3685,2020
3686,2019
3687,2023
3688,2015
3689,2017
3690,2021
3691,2017
3692,2015
3693,2023
3694,2019
3695,2016
3696,2020
3697,2014
3698,2018
3699,2022
3700,2022
3701,2020
3702,2019
3703,2014
3704,2021
3705,2023
3706,2017
3707,2018
3708,2016
3709,2015
3710,2017
3711,2018
3712,2015
3713,2016
3714,2021
3715,2020
3716,2022
3717,2023
3718,2014
3719,2019
3720,2022
3721,2021
3722,2014
3723,2020
3724,2017
3725,2015
3726,2019
3727,2023
3728,2018
3729,2016
3730,2017
3731,2018
3732,2022
3733,2020
3734,2015
3735,2019
3736,2016
3737,2014
3738,2021
3739,2023
3740,2015
3741,2014
3742,2018
3743,2023
3744,2017
3745,2021
3746,2020
3747,2019
3748,2016
3749,2022
3750,2017
3751,2021
3752,2014
3753,2019
3754,2023
3755,2022
3756,2016
3757,2020
3758,2018
3759,2015
3760,2016
3761,2023
3762,2014
3763,2015
3764,2017
3765,2022
3766,2019
3767,2021
3768,2018
3769,2020
3770,2018
3771,2017
3772,2019
3773,2022
3774,2023
3775,2015
3776,2020
3777,2016
3778,2014
3779,2021
3780,2014
3781,2021
3782,2022
3783,2023
3784,2019
3785,2016
3786,2017
3787,2020
3788,2015
3789,2018
3790,2019
3791,2022
3792,2023
3793,2020
3794,2017
3795,2016
3796,2021
3797,2014
3798,2015
3799,2018
3800,2022
3801,2019
3802,2020
3803,2016
3804,2014
3805,2018
3806,2023
3807,2017
3808,2015
3809,2021
3810,2019
3811,2021
3812,2014
3813,2023
3814,2017
3815,2018
3816,2022
3817,2015
3818,2016
3819,2020
3820,2016
3821,2020
3822,2021
3823,2022
3824,2019
3825,2018
3826,2015
3827,2014
3828,2017
3829,2023
3830,2020
3831,2019
3832,2016
3833,2023
3834,2022
3835,2017
3836,2015
3837,2014
3838,2018
3839,2021
3840,2021
3841,2022
3842,2016
3843,2015
3844,2014
3845,2020
3846,2017
3847,2018
3848,2019
3849,2023
3850,2020
3851,2014
3852,2016
3853,2018
3854,2023
3855,2019
3856,2017
3857,2022
3858,2015
3859,2021
3860,2023
3861,2021
3862,2016
3863,2020
3864,2015
3865,2014
3866,2019
3867,2018
3868,2022
3869,2017
3870,2018
3871,2015
3872,2019
3873,2020
3874,2023
3875,2014
3876,2021
3877,2016
3878,2022
3879,2017
3880,2015
3881,2020
3882,2016
3883,2022
3884,2021
3885,2018
3886,2017
3887,2023
3888,2014
3889,2019
3890,2019
3891,2023
3892,2016
3893,2014
3894,2017
3895,2022
3896,2015
3897,2021
3898,2018
3899,2020
3900,2015
3901,2021
3902,2014
3903,2019
3904,2017
3905,2018
3906,2023
3907,2022
3908,2016
3909,2020
3910,2015
3911,2017
3912,2019
3913,2023
3914,2014
3915,2020
3916,2018
3917,2021
3918,2022
3919,2016
3920,2022
3921,2023
3922,2020
3923,2021
3924,2017
3925,2014
3926,2015
3927,2019
3928,2016
3929,2018
3930,2018
3931,2015
3932,2016
3933,2023
3934,2020
3935,2021
3936,2014
3937,2019
3938,2017
3939,2022
3940,2022
3941,2020
3942,2014
3943,2018
3944,2016
3945,2019
3946,2021
3947,2015
3948,2017
3949,2023
3950,2019
3951,2017
3952,2016
3953,2015
3954,2023
3955,2018
3956,2020
3957,2022
3958,2014
3959,2021
3960,2019
3961,2022
3962,2016
3963,2014
3964,2023
3965,2017
3966,2020
3967,2015
3968,2018
3969,2021
3970,2023
3971,2022
3972,2020
3973,2014
3974,2015
3975,2016
3976,2018
3977,2017
3978,2019
3979,2021
3980,2022
3981,2016
3982,2018
3983,2023
3984,2015
3985,2017
3986,2020
3987,2021
3988,2014
3989,2019
3990,2014
3991,2017
3992,2015
3993,2022
3994,2019
3995,2020
3996,2018
3997,2021
3998,2023
3999,2016
4000,2015
4001,2014
4002,2016
4003,2022
4004,2021
4005,2023
4006,2019
4007,2018
4008,2020
4009,2017
4010,2019
4011,2015
4012,2018
4013,2022
4014,2014
4015,2021
4016,2023
4017,2017
4018,2016
4019,2020
4020,2017
4021,2014
4022,2022
4023,2020
4024,2018
4025,2015
4026,2019
4027,2016
4028,2023
4029,2021
4030,2022
4031,2023
4032,2018
4033,2021
4034,2016
4035,2017
4036,2020
4037,2019
4038,2015
4039,2014
4040,2019
4041,2018
4042,2022
4043,2014
4044,2021
4045,2020
4046,2016
4047,2015
4048,2023
4049,2017
4050,2015
4051,2018
4052,2017
4053,2022
4054,2019
4055,2020
4056,2016
4057,2023
4058,2021
4059,2014
4060,2022
4061,2021
4062,2016
4063,2020
4064,2015
4065,2018
4066,2014
4067,2023
4068,2019
4069,2017
4070,2018
4071,2016
4072,2023
4073,2017
4074,2020
4075,2015
4076,2014
4077,2019
4078,2022
4079,2021
4080,2015
4081,2016
4082,2023
4083,2019
4084,2020
4085,2017
4086,2022
4087,2014
4088,2018
4089,2021
4090,2018
4091,2016
4092,2020
4093,2017
4094,2015
4095,2019
4096,2023
4097,2022
4098,2021
4099,2014
4100,2015
4101,2019
4102,2022
4103,2014
4104,2016
4105,2021
4106,2020
4107,2017
4108,2018
4109,2023
4110,2014
4111,2019
4112,2021
4113,2017
4114,2023
4115,2015
4116,2018
4117,2022
4118,2016
4119,2020
4120,2019
4121,2018
4122,2021
4123,2015
4124,2022
4125,2020
4126,2014
4127,2023
4128,2016
4129,2017
4130,2014
4131,2023
4132,2016
4133,2021
4134,2015
4135,2017
4136,2019
4137,2022
4138,2020
4139,2018
4140,2015
4141,2022
4142,2019
4143,2014
4144,2023
4145,2021
4146,2017
4147,2018
4148,2020
4149,2016
4150,2019
4151,2023
4152,2015
4153,2017
4154,2016
4155,2021
4156,2020
4157,2018
4158,2014
4159,2022
4160,2022
4161,2014
4162,2023
4163,2016
4164,2021
4165,2018
4166,2015
4167,2019
4168,2017
4169,2020
4170,2018
4171,2020
4172,2016
4173,2015
4174,2017
4175,2021
4176,2019
4177,2014
4178,2023
4179,2022
4180,2018
4181,2020
4182,2016
4183,2014
4184,2015
4185,2017
4186,2019
4187,2023
4188,2022
4189,2021
4190,2017
4191,2016
4192,2023
4193,2015
4194,2014
4195,2019
4196,2020
4197,2018
4198,2021
4199,2022
4200,2019
4201,2017
4202,2015
4203,2022
4204,2020
4205,2023
4206,2021
4207,2014
4208,2016
4209,2018
4210,2017
4211,2018
4212,2020
4213,2019
4214,2021
4215,2014
4216,2015
4217,2022
4218,2023
4219,2016
4220,2019
4221,2023
4222,2014
4223,2016
4224,2020
4225,2018
4226,2017
4227,2022
4228,2021
4229,2015
4230,2015
4231,2023
4232,2020
4233,2022
4234,2021
4235,2014
4236,2019
4237,2018
4238,2016
4239,2017
4240,2021
4241,2023
4242,2022
4243,2018
4244,2015
4245,2014
4246,2020
4247,2016
4248,2019
4249,2017
4250,2017
4251,2018
4252,2023
4253,2020
4254,2015
4255,2016
4256,2019
4257,2014
4258,2021
4259,2022
4260,2016
4261,2014
4262,2020
4263,2021
4264,2018
4265,2023
4266,2015
4267,2017
4268,2019
4269,2022
4270,2017
4271,2018
4272,2021
4273,2022
4274,2015
4275,2020
4276,2014
4277,2019
4278,2023
4279,2016
4280,2019
4281,2021
4282,2015
4283,2018
4284,2016
4285,2023
4286,2014
4287,2022
4288,2020
4289,2017
4290,2019
4291,2022
4292,2014
4293,2021
4294,2016
4295,2020
4296,2023
4297,2018
4298,2015
4299,2017
4300,2021
4301,2019
4302,2016
4303,2022
4304,2018
4305,2014
4306,2017
4307,2023
4308,2020
4309,2015
4310,2015
4311,2022
4312,2017
4313,2019
4314,2021
4315,2014
4316,2020
4317,2018
4318,2016
4319,2023
4320,2017
4321,2020
4322,2023
4323,2022
4324,2018
4325,2014
4326,2019
4327,2021
4328,2016
4329,2015
4330,2023
4331,2021
4332,2017
4333,2015
4334,2019
4335,2018
4336,2016
4337,2022
4338,2014
4339,2020
4340,2014
4341,2022
4342,2023
4343,2018
4344,2021
4345,2015
4346,2020
4347,2017
4348,2016
4349,2019
4350,2014
4351,2016
4352,2023
4353,2022
4354,2015
4355,2017
4356,2020
4357,2018
4358,2019
4359,2021
4360,2019
4361,2020
4362,2022
4363,2023
4364,2017
4365,2015
4366,2014
4367,2018
4368,2021
4369,2016
4370,2018
4371,2022
4372,2020
4373,2015
4374,2023
4375,2021
4376,2016
4377,2019
4378,2017
4379,2014
4380,2020
4381,2022
4382,2014
4383,2017
4384,2018
4385,2015
4386,2016
4387,2023
4388,2021
4389,2019
4390,2015
4391,2022
4392,2014
4393,2018
4394,2023
4395,2019
4396,2021
4397,2016
4398,2020
4399,2017
4400,2015
4401,2023
4402,2016
4403,2022
4404,2020
4405,2021
4406,2017
4407,2018
4408,2014
4409,2019
4410,2022
4411,2019
4412,2021
4413,2018
4414,2020
4415,2023
4416,2015
4417,2014
4418,2017
4419,2016
4420,2018
4421,2020
4422,2019
4423,2014
4424,2021
4425,2016
4426,2023
4427,2015
4428,2022
4429,2017
4430,2023
4431,2018
4432,2014
4433,2016
4434,2021
4435,2017
4436,2019
4437,2020
4438,2015
4439,2022
4440,2016
4441,2019
4442,2014
4443,2017
4444,2015
4445,2021
4446,2022
4447,2018
4448,2023
4449,2020
4450,2015
4451,2018
4452,2014
4453,2019
4454,2016
4455,2020
4456,2022
4457,2017
4458,2021
4459,2023
4460,2020
4461,2015
4462,2016
4463,2022
4464,2019
4465,2017
4466,2021
4467,2023
4468,2014
4469,2018
4470,2022
4471,2014
4472,2019
4473,2018
4474,2021
4475,2016
4476,2023
4477,2015
4478,2017
4479,2020
4480,2022
4481,2015
4482,2023
4483,2021
4484,2018
4485,2017
4486,2020
4487,2019
4488,2014
4489,2016
4490,2021
4491,2016
4492,2023
4493,2015
4494,2020
4495,2018
4496,2019
4497,2017
4498,2014
4499,2022
4500,2020
4501,2017
4502,2014
4503,2019
4504,2018
4505,2015
4506,2016
4507,2022
4508,2023
4509,2021
4510,2016
4511,2021
4512,2017
4513,2022
4514,2020
4515,2019
4516,2014
4517,2018
4518,2023
4519,2015
4520,2014
4521,2021
4522,2016
4523,2017
4524,2020
4525,2019
4526,2022
4527,2015
4528,2018
4529,2023
4530,2020
4531,2016
4532,2021
4533,2015
4534,2014
4535,2017
4536,2022
4537,2023
4538,2019
4539,2018
4540,2016
4541,2021
4542,2018
4543,2014
4544,2022
4545,2020
4546,2019
4547,2017
4548,2023
4549,2015
4550,2016
4551,2021
4552,2022
4553,2023
4554,2020
4555,2018
4556,2015
4557,2017
4558,2014
4559,2019
4560,2020
4561,2015
4562,2021
4563,2017
4564,2023
4565,2018
4566,2016
4567,2022
4568,2019
4569,2014
4570,2014
4571,2015
4572,2018
4573,2019
4574,2022
4575,2020
4576,2016
4577,2021
4578,2023
4579,2017
4580,2022
4581,2018
4582,2014
4583,2021
4584,2019
4585,2020
4586,2015
4587,2016
4588,2023
4589,2017
4590,2023
4591,2017
4592,2021
4593,2016
4594,2022
4595,2020
4596,2014
4597,2015
4598,2018
4599,2019
4600,2019
4601,2018
4602,2021
4603,2023
4604,2020
4605,2016
4606,2017
4607,2014
4608,2022
4609,2015
4610,2017
4611,2020
4612,2016
4613,2023
4614,2021
4615,2019
4616,2015
4617,2022
4618,2018
4619,2014
4620,2023
4621,2021
4622,2016
4623,2020
4624,2018
4625,2017
4626,2019
4627,2022
4628,2014
4629,2015
4630,2016
4631,2023
4632,2022
4633,2021
4634,2019
4635,2018
4636,2014
4637,2020
4638,2017
4639,2015
4640,2014
4641,2016
4642,2022
4643,2021
4644,2017
4645,2015
4646,2020
4647,2019
4648,2018
4649,2023
4650,2014
4651,2021
4652,2022
4653,2023
4654,2020
4655,2015
4656,2017
4657,2019
4658,2018
4659,2016
4660,2014
4661,2017
4662,2019
4663,2018
4664,2020
4665,2015
4666,2023
4667,2016
4668,2022
4669,2021
4670,2015
4671,2017
4672,2023
4673,2016
4674,2018
4675,2014
4676,2019
4677,2021
4678,2022
4679,2020
4680,2021
4681,2017
4682,2022
4683,2019
4684,2023
4685,2014
4686,2018
4687,2015
4688,2020
4689,2016
4690,2018
4691,2019
4692,2022
4693,2014
4694,2021
4695,2017
4696,2015
4697,2020
4698,2016
4699,2023
4700,2015
4701,2017
4702,2016
4703,2020
4704,2022
4705,2019
4706,2023
4707,2018
4708,2021
4709,2014
4710,2017
4711,2016
4712,2022
4713,2014
4714,2021
4715,2020
4716,2019
4717,2023
4718,2018
4719,2015
4720,2022
4721,2021
4722,2016
4723,2019
4724,2023
4725,2015
4726,2017
4727,2018
4728,2014
4729,2020
4730,2019
4731,2018
4732,2015
4733,2021
4734,2017
4735,2023
4736,2014
4737,2022
4738,2016
4739,2020
4740,2023
4741,2014
4742,2019
4743,2017
4744,2020
4745,2021
4746,2015
4747,2022
4748,2016
4749,2018
4750,2018
4751,2017
4752,2023
4753,2020
4754,2022
4755,2015
4756,2019
4757,2016
4758,2021
4759,2014
4760,2016
4761,2017
4762,2014
4763,2022
4764,2015
4765,2018
4766,2021
4767,2020
4768,2019
4769,2023
4770,2022
4771,2016
4772,2014
4773,2019
4774,2015
4775,2018
4776,2017
4777,2020
4778,2021
4779,2023
4780,2022
4781,2015
4782,2020
4783,2017
4784,2018
4785,2014
4786,2021
4787,2019
4788,2023
4789,2016
4790,2015
4791,2021
4792,2017
4793,2020
4794,2019
4795,2023
4796,2014
4797,2022
4798,2018
4799,2016
4800,2015
4801,2014
4802,2020
4803,2021
4804,2019
4805,2018
4806,2022
4807,2016
4808,2023
4809,2017
4810,2019
4811,2022
4812,2023
4813,2016
4814,2021
4815,2014
4816,2018
4817,2017
4818,2020
4819,2015
4820,2016
4821,2023
4822,2021
4823,2020
4824,2017
4825,2015
4826,2019
4827,2022
4828,2014
4829,2018
4830,2022
4831,2015
4832,2017
4833,2021
4834,2020
4835,2014
4836,2016
4837,2018
4838,2023
4839,2019
4840,2017
4841,2020
4842,2023
4843,2015
4844,2018
4845,2014
4846,2016
4847,2021
4848,2022
4849,2019
4850,2021
4851,2023
4852,2018
4853,2019
4854,2015
4855,2017
4856,2014
4857,2020
4858,2016
4859,2022
4860,2023
4861,2020
4862,2022
4863,2015
4864,2019
4865,2021
4866,2017
4867,2016
4868,2018
4869,2014
4870,2022
4871,2016
4872,2014
4873,2018
4874,2015
4875,2023
4876,2020
4877,2021
4878,2019
4879,2017
4880,2019
4881,2016
4882,2017
4883,2020
4884,2021
4885,2015
4886,2014
4887,2018
4888,2022
4889,2023
4890,2016
4891,2014
4892,2018
4893,2020
4894,2021
4895,2023
4896,2015
4897,2019
4898,2022
4899,2017
4900,2023
4901,2019
4902,2022
4903,2014
4904,2016
4905,2017
4906,2020
4907,2018
4908,2021
4909,2015
4910,2019
4911,2018
4912,2017
4913,2022
4914,2020
4915,2023
4916,2015
4917,2014
4918,2021
4919,2016
4920,2016
4921,2020
4922,2018
4923,2023
4924,2014
4925,2019
4926,2022
4927,2021
4928,2017
4929,2015
4930,2023
4931,2019
4932,2021
4933,2022
4934,2014
4935,2020
4936,2017
4937,2015
4938,2018
4939,2016
4940,2023
4941,2020
4942,2017
4943,2018
4944,2021
4945,2014
4946,2015
4947,2022
4948,2019
4949,2016
4950,2020
4951,2018
4952,2022
4953,2016
4954,2021
4955,2023
4956,2019
4957,2014
4958,2015
4959,2017
4960,2018
4961,2020
4962,2023
4963,2022
4964,2021
4965,2019
4966,2015
4967,2017
4968,2014
4969,2016
4970,2023
4971,2015
4972,2019
4973,2016
4974,2018
4975,2017
4976,2020
4977,2014
4978,2021
4979,2022
4980,2019
4981,2018
4982,2022
4983,2016
4984,2021
4985,2015
4986,2023
4987,2020
4988,2014
4989,2017
4990,2023
4991,2015
4992,2018
4993,2019
4994,2020
4995,2016
4996,2022
4997,2014
4998,2021
4999,2017